path,role,summary,classes,functions,imports,ros_topics,lines,bytes,sha256
SolarSim.ps1,PowerShell all-in-one entry,param(,,,,,336,12668,fa039bfbc741ab4719218ffc48738f42ce3ea6f7c3ccf33dd0c4987ea87f29c1
setup.py,ROS 2 packaging metadata,,,collect_data_files,"os, setuptools",,89,3660,0afd7baf06430bdeabcca8a791773e987af91b345b4e0c2ef913678ae6c1757a
package.xml,ROS 2 packaging metadata,"<?xml version=""1.0""?>",,,,,32,1114,02ccb480e640067c239f8a8a468736dbb643432fa26632cd73f006db9faea033
mpc_solarcar/__init__.py,runtime library/model,,,,,,0,0,e3b0c44298fc1c149afbf4c8996fb92427ae41e4649b934ca495991b7852b855
mpc_solarcar/can_obd_node.py,ROS 2 runtime node,,CanObdNode,"np_isfinite, main","can, math, numpy, rcl_interfaces.msg, rclpy, rclpy.node, std_msgs.msg, threading, time","/vehicle/fuel_rate_lph, /vehicle/idle_fuel_lph, /vehicle/maf_gps, /vehicle/obd_ok, /vehicle/rpm, /vehicle/speed_kmh, /vehicle/throttle_pct",346,13300,1b3c56d4a6a18d89b2b9c34a7e9577a1cafff4decfb7126908bc725271f64775
mpc_solarcar/config_wizard_node.py,ROS 2 runtime node,,ConfigWizardNode,main,"os, rclpy, rclpy.node, std_msgs.msg, typing, yaml","/system/config, /system/config_ready, /system/config_required",230,9083,fc3886245e5693550c0faf23a7bfcdb792e58e8fc6c114892447d336ecc927ca
mpc_solarcar/dashboard_node.py,ROS 2 runtime node,,"DashboardHandler, DashboardNode",main,"ament_index_python.packages, functools, http.server, json, math, nav_msgs.msg, os, rclpy, rclpy.node, sensor_msgs.msg, std_msgs.msg, threading, time","/planner/drive_mode, /planner/env, /planner/lower_plan, /planner/metrics, /planner/speed_cmd, /planner/status, /planner/throttle_cmd_pct, /planner/trajectory, /planner/upper_plan, /planner/upper_speed_cmd, /sim/gps, /system/diag, /system/health, /system/mpc_state, /system/state, /vehicle/batt_current_a, /vehicle/batt_soc, /vehicle/batt_temp_c, /vehicle/batt_voltage_v, /vehicle/s_km, /vehicle/speed_kmh",419,18128,26286dcb019288a13c2e17be4574c311b8bc2bb5e0268544165d6519a5cba443
mpc_solarcar/distance_node.py,ROS 2 runtime node,,DistanceNode,main,"math, rclpy, rclpy.node, std_msgs.msg, std_srvs.srv","/vehicle/s_km, /vehicle/speed_kmh",61,1928,f9897e68e8ec6dcccb2dadb511293f2969a90f66ca61ccbe9d0048e9cdd20bbf
mpc_solarcar/estimator.py,runtime library/model,,"MheInput, MheMeas, BatteryMHE",,"collections, dataclasses, math, numpy, scipy.optimize, typing",,112,3762,a5b46d1669a9ef838d07a4747d013e8c11bf0c4080cef73f07d0cd4fcadc8d31
mpc_solarcar/forecast_grid.py,runtime library/model,,,"timestamp_ns, forecast_distance_column, build_forecast_grid_payload, interp_forecast_grid","__future__, datetime, numpy, pandas",,131,3937,8af824c41afb472b3ed0021f8cb46d9d33ea92e31e5ec3118c96dea700e79c27
mpc_solarcar/gps_sim_node.py,ROS 2 runtime node,,GPSSimNode,main,"pandas, path_utils, rclpy, rclpy.node, route_utils, sensor_msgs.msg, solar_profile, std_msgs.msg","/planner/speed_cmd, /sim/gps",51,2022,436c6e1e726b4e3c6443abc17a07d1f310ebec701f5577a15383b92e6570a591
mpc_solarcar/grade_node.py,ROS 2 runtime node,,GradeNode,main,"math, rclpy, rclpy.node, sensor_msgs.msg, std_msgs.msg, time","/vehicle/grade, /vehicle/s_km, /vehicle/speed_kmh",96,3581,f67e3de2b8032378bb2cac9882ed85cd35629cc2dab61ee2f0ae17f7626d3131
mpc_solarcar/live_launch.py,runtime library/model,,,"cfg_path, _drop_keys, live_forecast_paths, build_live_nodes","__future__, launch_ros.actions, pathlib, shutil, solar_profile",,170,8014,759278a53fc55f3c41b6ca6ec99c541c9e5203ec77425516fd1d2409ff9ba438
mpc_solarcar/logger_node.py,ROS 2 runtime node,,LoggerNode,main,"csv, datetime, math, os, rclpy, rclpy.node, std_msgs.msg","/planner/speed_cmd, /planner/status, /planner/throttle_cmd_pct, /system/can_profile, /system/config, /system/diag, /system/health, /system/mpc_state, /system/pid_profile, /system/state, /vehicle/batt_current_a, /vehicle/batt_soc, /vehicle/batt_temp_c, /vehicle/batt_voltage_v, /vehicle/fuel_rate_lph, /vehicle/grade, /vehicle/idle_fuel_lph, /vehicle/maf_gps, /vehicle/obd_ok, /vehicle/rpm, /vehicle/s_km, /vehicle/speed_kmh, /vehicle/throttle_pct",162,6461,f7bf544fbf10b33dc14269e1ebe2722d5b5815a6f41a05cd8d4c366af142dec6
mpc_solarcar/magnet_field_viewer.py,runtime library/model,,"MagnetParams, MagnetFieldViewer","gauss_legendre_rule, carlson_rf_positive_real, carlson_rd_positive_real, complete_elliptic_k_e, loop_field_cylindrical, cylinder_field_cylindrical, cylinder_field_cartesian, observation_grid, slice_grid, axis_field_closed_form, estimate_axis_error, sample_field_distribution, main","dataclasses, functools, math, matplotlib, matplotlib.backends.backend_tkagg, matplotlib.figure, matplotlib.patches, mpl_toolkits.mplot3d.art3d, numpy, time, tkinter",,603,22664,3a72325b32878c9e07a166bf510f8876c155d1bcbdf5ac822490d30c6a4f73c3
mpc_solarcar/magnetic_coupler_cad.py,runtime library/model,,"CasingParameters, PartPackage","mm, setup_plot_style, load_selected_design, sample_ring_sites, face_from_profiles, make_box_cut, make_cylinder_cut, combine_solids, ring_hole_sites, rectangle_corners, build_inner_base, build_outer_base, build_lid, build_assemblies, export_part, export_svg_views, bounds_mm, add_horizontal_dimension, add_vertical_dimension, draw_ring_top_view, draw_single_ring_section, set_3d_equal, plot_wireframe_ring, draw_assembly_section, add_text_block, build_text_lines, make_page_figure, save_page, render_isometric_screenshot, generate_drawing_package, write_notes, write_package_summary, parse_args, main","argparse, cadquery, dataclasses, json, math, matplotlib, matplotlib.backends.backend_pdf, matplotlib.patches, matplotlib.pyplot, mpc_solarcar, numpy, pathlib, sys",,1138,48016,838e337cfb309ff87167eb7a0334ec583345b1393bb3a9aa2131d70db1f9c51f
mpc_solarcar/magnetic_coupler_dashboard.py,runtime library/model,,MagneticDashboardHandler,"resolve_static_dir, parse_args, is_run_directory, safe_relative_to, list_run_dirs, read_json, coerce_csv_scalar, read_csv_rows, pick_existing, as_float, summarize_run, default_run_name, resolve_run_dir, media_type_for_path, collect_media_artifacts, infer_search_method, build_state_payload, main","argparse, collections, csv, functools, http.server, json, mimetypes, pathlib, threading, time, urllib.parse, webbrowser",,509,20160,33f0600bbf08dbe9ebca1ce173704196c4567412dec8ede133a2c43e1d7d961e
mpc_solarcar/magnetic_coupler_freearray_fixedheight.py,runtime library/model,,"FreeArrayDesign, FreeArrayAssembly, ExactPoseSample, StaticAssessment, LinearRestoreAssessment, ScenarioSegment, FixedHeightScenario, UncertaintyEnvironment, DynamicOutcome","serializable_array, bounded_logit, design_to_dict, design_from_dict, static_assessment_to_dict, linear_restore_assessment_to_dict, outcome_to_dict, write_json_atomic, copy_artifact_atomic, static_constraint_violation_proxy, static_feasible_proxy, design_monitor_summary, smooth_positive_gaps, mirrored_ring_parameters, latent_dimension, latent_variable_manifest, write_latent_variable_manifest, equispaced_half_angles, wrap_half_difference, infer_ring_latent_components, latent_from_design, build_design_from_latent, ring_points_from_polar, points_in_polygon, closest_point_pairs, nested_polygon_signed_gap, estimate_nested_limit, build_support_geometry, moment_directions_from_angles, layer_z_centers, cylinder_object, build_assembly, freearray_pole_face_area_m2, freearray_per_magnet_force_cap_n, freearray_array_force_cap_n, freearray_array_torque_cap_nm, freearray_gap_decay_factor, transform_outer_ring, evaluate_pose_exact, generalized_response, estimate_stiffness_matrices, scaled_generalized_restoring_wrench, zero_intercept_linearity, default_linear_restore_directions, package_violation_m, assess_static_design, assess_linear_restore_objective, build_nominal_environment, sample_environment, build_avoid_return_scenario, build_straight_lateral_pulse_scenario, scenario_arrays, body_to_world, rigid_box_world_points, corridor_margin_and_breach_mm, wrap_difference, apply_cart_axis_stiction, settle_nonpenetration_exact, simulate_fixedheight_episode, candidate_priority, evaluate_dynamic_suite, optimize_case, plot_design_layout, plot_field_map, plot_dynamic_history, render_candidate_artifacts, report_tables, scenario_description_lines, build_report_markdown, build_report_tex, compile_report_pdf, run_fixedheight_freearray_search","dataclasses, json, math, matplotlib, matplotlib.pyplot, mpc_solarcar, numpy, pandas, pathlib, shutil, sys, time",,3489,171521,137ddc5ccbbb4801e2b1224cc2f968a87dab62d4fb40718d8e67125d6fb6f148
mpc_solarcar/magnetic_coupler_freearray_video.py,runtime library/model,,,"try_load_font, rotmat, body_box_points, transform_points, make_world_mapper, draw_closed_polyline, draw_polygon, draw_points, draw_arrow, draw_badge, history_row, history_bounds, draw_corridor_scene, coupling_zoom_bounds, render_frame, render_fixedheight_corridor_video","PIL, __future__, imageio.v2, math, mpc_solarcar, numpy, pathlib",,426,19276,f4e90a9dce270751ded17b2d767de093afb6e7b2b1b444c05ff648fc0bebf8d8
mpc_solarcar/magnetic_coupler_hifi.py,runtime library/model,,"ShapeParameters, HifiDesign, HeightPolicy, ArrayModel, PoseSample, StaticAssessment, DynamicOutcome, EpisodeEnvironment","signed, live_monitor_enabled, set_live_monitor_dir, to_live_json, update_live_monitor_state, publish_live_history_csv, append_live_history_rows, reset_live_monitor_outputs, design_candidate_trace_row, policy_candidate_trace_row, live_visual_summary_lines, plot_live_shape_and_magnets, plot_live_field_distribution, publish_live_candidate_visuals, launch_live_dashboard_process, fit_line, aspect_axes, flex_harmonic_vector, local_feature_vector, periodic_gaussian, polygon_centroid, chaikin_closed, resample_closed_polyline, flexible_radius_profile, shape_name, build_flexible_geometry, build_arrow_geometry, build_geometry_from_shape, choose_catalog_sku, resolve_catalog, choose_catalog_sku_from_list, design_variable_manifest, design_variable_count, write_design_variable_manifest, boundary_from_points, disk_surface_field_to_remanence_t, effective_flux_density_t, pole_face_area_m2, per_magnet_force_cap_n, array_level_force_cap_n, array_level_torque_cap_nm, dipole_softening_length_m, gap_decay_factor, sample_ring_sites, cuboid_dipole_cloud, cylindrical_dipole_cloud, build_design_from_latent, build_array_model, transform_outer_array, dipole_force_torque_energy, evaluate_pose, assess_static_design, static_primary_merit, static_constraint_values, static_objective_vector, structured_candidate_payload, candidate_priority_key, archive_payload_priority_key, candidate_is_better, pareto_dominates, update_pareto_archive, evaluate_design_candidate, evaluate_design_candidate_quick, evaluate_design_candidate_validation, latent_signature, update_candidate_archive, archive_to_dataframe, refine_design_archive_validation, optimize_design_cem, optimize_design_cmaes, optimize_design, build_policy_from_latent, build_operator_intent_scenario, cart_inertia_kgm2, robot_inertia_kgm2, filter_training_scenarios, filter_validation_scenarios, nominal_episode_environment, sample_episode_environment, build_episode_environments, apply_environment_pose_bias, contact_point_velocity, follower_and_damping_params, smooth_coulomb_component, cart_passive_force_world, cart_passive_alignment_torque, robot_cruise_force_world, project_contact_state, settle_nonpenetration, simulate_dynamic_episode, evaluate_policy_candidate, optimize_policy, refine_gap_after_policy, report_dynamic_dataframe, plot_design_convergence, plot_policy_convergence, plot_force_polar, plot_force_curves, planar_response_map, plot_planar_response_maps, plot_dynamic_rollout, plot_field_distribution, dipole_field, magpylib_rotation_from_moment, magpylib_magnet_from_pose, magpylib_pose_force_torque, write_magpylib_crosscheck, write_catalog_snapshot, write_scenario_input_profiles, write_optimizer_literature_note, write_summary, parse_args, main","argparse, csv, dataclasses, hashlib, json, math, matplotlib, matplotlib.pyplot, mpc_solarcar, numpy, pandas, pathlib, subprocess, sys, threading, time",,5419,253882,b1ef60c68813171c25c8896d0fa6b60930f898714b2d0bd0be5df7a4fce443f4
mpc_solarcar/magnetic_coupler_interactive_sim.py,runtime library/model,,"KeyboardVectors, SimState, PedestrianState, CorridorScenarioMetrics, InteractiveCouplerCore, CorridorPedestrianAvoidanceScenario, InteractiveCouplerApp","angle_wrap, clamp, clamp_norm, normalized_or_default, bounded_force_from_command, rotmat, transform_points, resolve_default_result_json, load_selected_model, run_headless_smoke, write_history_csv, run_corridor_pedestrian_avoidance, run_stability_suite, parse_args, main","argparse, csv, dataclasses, json, math, mpc_solarcar, numpy, pathlib, time, tkinter",,1090,51595,26b1809db548edcf25f09bfae609fdbbe03c48fe1a4968ade28d674b4ba312ac
mpc_solarcar/magnetic_coupler_manual_inner_gui.py,runtime library/model,,"KeyboardState, SimState, ManualInnerCouplerCore, ManualInnerCouplerApp","clamp, angle_wrap, clamp_norm, rotmat, transform_points, normalized_command_2d, resolve_default_result_json, load_assembly, evaluate_pose_linearized, project_outer_only_nonpenetration, settle_nonpenetration_outer_only, local_body_box, run_headless_smoke, parse_args, main","argparse, dataclasses, json, math, mpc_solarcar, numpy, pathlib, sys, time, tkinter",,869,35932,3f06eac0afee360d70c0ee100b76e9f57b1356f613877e5833749fe7f50b062a
mpc_solarcar/magnetic_coupler_rl.py,runtime library/model,,"MagnetSKU, Design, Policy, Scenario, Geometry, CouplingSample, EpisodeResult","sigmoid, clamp, clamp_norm, rotmat, cross2, cross2_batch, wrap_angle, periodic_centered_unit, mean_phase_fraction, superellipse_radius, polygon_radius, shape_radius_profile, boundary_from_radius_profile, build_geometry, soft_support_gap_profile, sat_signed_gap_profile, estimate_translation_limit_m, estimate_yaw_limit_rad, magnet_coverage_profile, discrete_array_modulation, evaluate_coupling, cart_inertia_kgm2, robot_inertia_kgm2, build_scenario, build_training_suite, build_validation_suite, simulate_episode, choose_catalog_sku, signed, materialize_design, evaluate_candidate, optimize_shape, validate_design, report_dataframe, plot_convergence, plot_rollout, write_catalog, write_summary, parse_args, main","argparse, dataclasses, json, math, matplotlib, matplotlib.pyplot, numpy, pandas, pathlib",,1671,70300,633378d9b7a4cfb065cf64d73f1ba3baa4f7fd02535f5673be76ce41142dcf09
mpc_solarcar/model.py,runtime library/model,,"Params, SolarCarModel",_is_symbolic,"dataclasses, math, numpy, utils_maps",,478,20449,91a29cea04d184a73105566c514d824c8259be3a801df05ddfd82af7e8c863c1
mpc_solarcar/mpc_node.py,ROS 2 runtime node,,MPCNode,main,"collections, datetime, estimator, forecast_grid, geometry_msgs.msg, math, model, nav_msgs.msg, numpy, os, pandas, path_utils, rclpy, rclpy.callback_groups, rclpy.executors, rclpy.node, rclpy.parameter, route_utils, schedule_utils, scipy.optimize, signal_utils, std_msgs.msg, time, upper_cost, upper_horizon, upper_policy, upper_solver, yaml","/calib/aux_power_w, /calib/drive_power_gain, /calib/solar_gain, /planner/drive_mode, /planner/env, /planner/lower_plan, /planner/metrics, /planner/speed_cmd, /planner/status, /planner/throttle_cmd_pct, /planner/trajectory, /planner/upper_plan, /planner/upper_speed_cmd, /system/config, /system/config_ready, /system/mpc_state, /system/state, /vehicle/batt_current_a, /vehicle/batt_soc, /vehicle/batt_temp_c, /vehicle/batt_voltage_v, /vehicle/fuel_rate_lph, /vehicle/grade, /vehicle/idle_fuel_lph, /vehicle/obd_ok, /vehicle/s_km, /vehicle/speed_kmh, /vehicle/throttle_pct",2931,142040,b53f3e7fb5395b2459091b740042c9da8789ea7a44648c2235ab8b62d544f231
mpc_solarcar/panel_node.py,ROS 2 runtime node,,PanelNode,main,"collections, math, matplotlib.pyplot, nav_msgs.msg, os, rclpy, rclpy.node, sensor_msgs.msg, std_msgs.msg, threading, time","/planner/speed_cmd, /planner/status, /planner/throttle_cmd_pct, /planner/trajectory, /sim/gps, /system/diag, /system/state, /vehicle/grade, /vehicle/idle_fuel_lph",130,6780,74b80f7658fd1b13c9adc4572a70fe8e75caecfe6e4755b725a66ad834375300
mpc_solarcar/path_utils.py,runtime library/model,,,resolve_path,"os, pathlib",,38,1241,d2c07f2ccc796bf8d8d6149135b27123c8ecd873bc0b71c344028714a52c2a3b
mpc_solarcar/preflight_node.py,ROS 2 runtime node,,PreflightNode,main,"can, os, rclpy, rclpy.node, rclpy.parameter, rclpy.parameter_client, std_msgs.msg, subprocess, time, typing","/system/can_profile, /system/config_ready, /system/config_required, /system/diag, /system/health, /system/mpc_state, /system/pid_profile, /system/state, /vehicle/obd_ok",327,12756,424f3b34f7d10c17027a75a1239271ce9de84a850597842d8ae3364237bb87af
mpc_solarcar/route_utils.py,runtime library/model,,,"_interp_field, interpolate_route, interpolate_route_with_alt, interpolate_profile, average_profile, average_profile_segments, interpolate_route_heading","math, numpy, pandas",,140,5471,d5b33c359b666eed1eac0400ebfdf110c5360df3369b7725689127955039b9e8
mpc_solarcar/schedule_utils.py,runtime library/model,,"DriveWindow, DailyWindow, DriveSchedule","_parse_utc, _parse_time_hhmm","dataclasses, datetime, os, typing, yaml",,218,8038,cbee1ac8328f818f44fcb29d10b587c42a5518ed64baad447267afab149e685a
mpc_solarcar/signal_utils.py,runtime library/model,,"RobustScalarFilter, SmoothRateLimiter","finite_float, fresh_enough, slew_limit","__future__, math, time",,156,5709,bb662b23b2754162e56b3e22b75b6ee8ccc00ccca7980e9d23be9108c7d77ab0
mpc_solarcar/solar_autocal_logic.py,runtime library/model,Pure helpers for bounded online solar-car calibration.,,daytime_stationary_aux_estimate,"__future__, math",,25,701,8b67ee6b969cf6d5ee2520b0e3b06ac902a4bbfd00a7684c10d8cc4bb1015529
mpc_solarcar/solar_autocal_node.py,ROS 2 runtime node,,SolarAutocalNode,"_clamp, main","__future__, math, rclpy, rclpy.node, solar_autocal_logic, std_msgs.msg","/calib/aux_power_w, /calib/drive_power_gain, /calib/solar_gain, /calib/status, /planner/env, /planner/metrics, /vehicle/batt_current_a, /vehicle/batt_voltage_v, /vehicle/solar_power_w, /vehicle/speed_kmh",159,7058,a98336e789670e85549bcedbb19c1a90b49d293dba6f193a6d91c053ef9abc51
mpc_solarcar/solar_logger_node.py,ROS 2 runtime node,,SolarLoggerNode,main,"csv, datetime, math, os, rclpy, rclpy.node, std_msgs.msg",,200,7439,6ad5861c795593dc8a6cbd661335f2d379ddf42987433a40f1805c49884b5e2e
mpc_solarcar/solar_preflight_logic.py,runtime library/model,,FreshnessResult,evaluate_freshness,"__future__, dataclasses",,35,1002,af31754717ea091338d123f2fb17650fda49d53f9308d9f9aaccef7f9c9d03fd
mpc_solarcar/solar_preflight_node.py,ROS 2 runtime node,,SolarPreflightNode,main,"__future__, rclpy, rclpy.node, solar_preflight_logic, std_msgs.msg, time","/planner/status, /system/diag, /system/health, /system/state, /vehicle/batt_current_a, /vehicle/batt_soc, /vehicle/batt_voltage_v, /vehicle/s_km, /vehicle/speed_kmh",90,3358,d1c39ce9b2c8e60006ec42892c09b8ede984748d44555a5f330607b92aa5a4d9
mpc_solarcar/solar_profile.py,runtime library/model,,,"require_csv_data_rows, _resolve_profile_path, resolve_relative_path, load_profile, merged_dict, get_section, get_path","__future__, copy, csv, pathlib, typing, yaml",,119,3900,342c5f001c7ae09a4ccfafe19e30706d124ac8b044852c365ca03ee664af00e7
mpc_solarcar/solar_state_node.py,ROS 2 runtime node,,SolarStateNode,main,"__future__, datetime, math, model, numpy, pandas, path_utils, rclpy, rclpy.node, route_utils, schedule_utils, signal_utils, solar_profile, std_msgs.msg, time","/planner/speed_cmd, /vehicle/altitude_m, /vehicle/batt_current_a, /vehicle/batt_soc, /vehicle/batt_temp_c, /vehicle/batt_voltage_v, /vehicle/s_km, /vehicle/solar_power_w, /vehicle/speed_kmh",271,14401,d9c72bcecf7b5d6f0594d4c9029ba3837a9f3b0222e47e693729d581d99e4024
mpc_solarcar/speed_command_bridge_node.py,ROS 2 runtime node,,SpeedCommandBridgeNode,main,"__future__, json, rclpy, rclpy.node, signal_utils, socket, std_msgs.msg, telemetry_protocol, time","/planner/drive_mode, /planner/speed_cmd, /planner/upper_speed_cmd",128,6076,c4212c78afb5c4a54bff02cc12d8ed80236ea8c67c8bd1defebe1c8e02652f2b
mpc_solarcar/telemetry_protocol.py,runtime library/model,Timestamp validation shared by the WiFi telemetry receiver and tests.,TimestampValidation,"parse_source_timestamp, validate_source_timestamp, utc_iso_now","__future__, dataclasses, datetime, math",,77,2644,734975b041ac6daaa034baccff9bd92eda981e9b6f6284852dbfb089bc4b6307
mpc_solarcar/telemetry_text_bridge_node.py,ROS 2 runtime node,,TelemetryTextBridgeNode,"_safe_float, _parse_key_value_text, parse_text_payload, headwind_component_ms, main","__future__, json, math, rclpy, rclpy.node, sensor_msgs.msg, signal_utils, socket, statistics, std_msgs.msg, telemetry_protocol, time","/chase/altitude_m, /chase/gps, /planner/drive_mode, /planner/speed_cmd, /planner/upper_speed_cmd, /telemetry/bridge_status, /telemetry/chase_source_ts_unix, /telemetry/raw_chase, /telemetry/raw_solar, /telemetry/solar_source_ts_unix, /vehicle/altitude_m, /vehicle/batt_current_a, /vehicle/batt_soc, /vehicle/batt_temp_c, /vehicle/batt_voltage_v, /vehicle/gps, /vehicle/s_km, /vehicle/solar_power_w, /vehicle/speed_kmh, /weather/course_deg, /weather/headwind_meas_ms, /weather/wind_dir_deg, /weather/wind_speed_ms",355,17681,8eb8c10611ec3d5115db88a38834178bead9b3c8ef68d952df090bc4fe2c6aa9
mpc_solarcar/throttle_advisory_node.py,ROS 2 runtime node,,ThrottleAdvisoryNode,main,"math, rclpy, rclpy.node, std_msgs.msg, time, yaml","/planner/speed_cmd, /planner/throttle_cmd_pct, /system/config, /vehicle/obd_ok, /vehicle/speed_kmh, /vehicle/throttle_pct",100,3580,af8b92d082b496c3c1d4a9c89e178881a5337bda368b3e1d652425df300fbe19
mpc_solarcar/upper_cost.py,runtime library/model,,UpperCostConfig,"_cfg_value, load_upper_cost_config, quad_penalty, upper_stage_cost, upper_terminal_cost, active_upper_cost_terms","__future__, dataclasses, typing",,289,11307,b69065249298ad089d085bcb06d9277c10dae6b61ec0d334d69a13ffef56a3bb
mpc_solarcar/upper_horizon.py,runtime library/model,,UpperDistanceHorizon,"_weighted_extra, _adaptive_ds_sequence, build_upper_distance_horizon, plan_segment_index","__future__, dataclasses, math, numpy, typing",,146,5148,1565f2a9907d31550fd0ee8a54d65bfc840b33c804a95b2c0d24ca9d232baa01
mpc_solarcar/upper_policy.py,runtime library/model,,,"load_upper_policy_csv, interpolate_upper_policy","__future__, numpy, pandas, pathlib",,50,2097,2d40e88dbe8169edae0bc815ed06b077d5866e94f874230f1967c7bf7bfe2425
mpc_solarcar/upper_solver.py,runtime library/model,,,"_fork_finite_cost, clip_to_bounds, finite_cost, default_seed_library, hybrid_bounded_minimize","__future__, concurrent.futures, itertools, multiprocessing, numpy, os, scipy.optimize, typing",,474,21120,0ea0437c48c25f839a8edbfffe74f8d613a11451728eb7751db21756dd76be2a
mpc_solarcar/utils_maps.py,runtime library/model,,,"bilinear_interp, read_eff_map, read_Rint_map, read_map, read_1d_map","numpy, pandas",,34,1387,8f20256838a7d95f7822b415af3cfe2af3433813af7bf760eb9f84d9f8e9f9d3
mpc_solarcar/weather_fetch_node.py,ROS 2 runtime node,,WeatherFetchNode,main,"__future__, pathlib, rclpy, rclpy.node, sensor_msgs.msg, solar_profile, std_msgs.msg, weather_utils",/weather/fetch_status,145,6662,bef650eab4797b7c832c841ba7eaa271ab3cccec171f9b270c69172f9835bb50
mpc_solarcar/weather_utils.py,runtime library/model,,,"_fetch_json, ideal_tracking_poa_wm2, fetch_openmeteo_forecast, write_forecast_csv","__future__, json, numpy, pandas, pathlib, urllib.parse, urllib.request",,129,4484,57e68976c226df0cba2d602f143ef39e76b06be98d08aa8e00fd5514eb83d660
mpc_solarcar/wind_correction_node.py,ROS 2 runtime node,,WindCorrectionNode,"_timestamp_ns, main","__future__, datetime, math, os, pandas, pathlib, rclpy, rclpy.node, statistics, std_msgs.msg","/vehicle/s_km, /weather/headwind_corrected_ms, /weather/headwind_meas_ms, /weather/wind_correction_status",160,7951,065128cbb44604d15e3d04030f00c23607abfa9faf13ebb66e08835897217593
launch/passo_autostart.launch.py,ROS 2 launch entry,,,generate_launch_description,"launch, launch.actions, launch.substitutions, launch_ros.actions",,88,3099,d7784502ec044768fe577e3b25ee824d43c4129c964907dcf04ef5e47abdb519
launch/passo_live.launch.py,ROS 2 launch entry,,,generate_launch_description,"launch, launch.actions, launch.substitutions, launch_ros.actions",,89,3374,79c20866d5b15670a0ab7c8102890207928ece37357d554da4359cb554432e23
launch/solar_measurement.launch.py,ROS 2 launch entry,,,"_cfg_path, _setup, generate_launch_description","__future__, launch, launch.actions, launch.substitutions, launch_ros.actions, mpc_solarcar.solar_profile",,104,3816,070ba41b225288b85a317c3c102783d85d9df6fe189953a54ec69bf327569752
launch/solar_race_live.launch.py,ROS 2 launch entry,,,"_setup, generate_launch_description","__future__, launch, launch.actions, launch.substitutions, mpc_solarcar.live_launch, mpc_solarcar.solar_profile",,23,745,5b7604b18712958285819b64c5a5dcd7b3206c77f32136a4ac97e3a43263476f
launch/solar_race_live_wifi.launch.py,ROS 2 launch entry,,,"_setup, generate_launch_description","__future__, launch, launch.actions, launch.substitutions, launch_ros.actions, mpc_solarcar.live_launch, mpc_solarcar.solar_profile",,68,2413,3984d29932f64e9bf5348a5bcb6fe28f4c0aa1dc5eb664b75b5b06d50b9f7a16
launch/solarcar_sim.launch.py,ROS 2 launch entry,,,"_cfg_path, _setup, generate_launch_description","__future__, launch, launch.actions, launch.substitutions, launch_ros.actions, mpc_solarcar.solar_profile",,153,6441,b674b3680c605030b54de4c2667bfa8ca8e409fbce6f6a970953bfa63f954da2
scripts/adopt_conditional_identification_candidate.py,vehicle identification tool,,,"load_yaml, main","__future__, argparse, copy, datetime, pathlib, yaml",,123,5334,39b468fb90e3d983d1a842cbb123e311e0d5391ca4ddd637f42089dedf7d0503
scripts/analyze_magnetic_coupler_thesis_claim.py,operations/support script,Audit campaign independence and quantify thesis-level magnetic-coupler evidence.,,"parse_args, canonical_design_hash, add_design_hashes, safe_spearman, clopper_pearson_upper_zero, failure_flags, representative_unique_designs, build_statistics, write_failure_summary, plot_evidence, write_report, main","argparse, hashlib, json, math, matplotlib, matplotlib.pyplot, numpy, pandas, pathlib, scipy",,332,14092,50212d68e5b296d96dee69b1f7f269be318fc7508ff2b862aafe178fd0a7ec0b
scripts/assess_terminal_soc_consistency.py,operations/support script,,,"resolve, summarize_channels, random_effects_fusion, terminal_loaded_state_soc, _soc_from_ocv, _fit_terminal_thevenin_arrays, fit_terminal_thevenin_window, day_net_energy_soc, main","__future__, argparse, math, numpy, os, pandas, pathlib, scipy.optimize, scripts.build_bwsc2025_fitted_package, scripts.run_vehicle_identification, sys, typing, yaml",,582,25779,5f74826985378e9fb257dae29ddfcf2283f67082a62d92b7863b271fb7ae2ec8
scripts/audit_bwsc2025_weather_power_timestep.py,operations/support script,"Build a reproducible audit of BWSC weather, 70 km/h load, and sim time steps.",,"parse_args, resolve, q, weather_day_summary, weather_hour_summary, observed_70_summary, physics_70, compare_pv_temporal_semantics, time_step_summary, sampled_fullsim_weather_by_day, make_figures, write_tex, main","__future__, argparse, json, math, matplotlib, matplotlib.pyplot, numpy, pandas, pathlib, scripts.build_bwsc2025_fitted_package, sys, yaml",,579,25696,2614f4f9d06e74e8448ee9ebbe605efca861387da680eb268d12434956b18553
scripts/audit_identification_residuals.py,vehicle identification tool,Audit replay residual structure and long-horizon SoC divergence.,,"parse_args, rmse, clean_power_rows, all_clean_power_residual, regime_metrics, weather_and_cruise_metrics, align_soc, threshold_crossings, plot_audit, run_audit, main","__future__, argparse, json, matplotlib, matplotlib.pyplot, numpy, pandas, pathlib",,358,15494,016216ed9120e8c4f7a80c30b142c3636610ec1789af9133552150d8af46bd2b
scripts/audit_solar_package.py,package builder,Perform a reproducible static and profile-contract audit of solar code.,Finding,"add, python_files, audit_python, setup_entries, audit_launch_contracts, nested, primary_profile_paths, audit_profile, audit_blank_templates, write_report, main","__future__, argparse, ast, csv, dataclasses, datetime, json, math, pathlib, re, yaml",,638,28441,bbbf6015f4d535c698901530f3d689632e36ed6065976b54761f2e16d0cc05a6
scripts/bootstrap_ubuntu_humble.sh,operations/support script,,,,,,0,1967,797e6ca460daa0749710a90cd4e4ba76ced75c2e862d12c7874b8ccbed81b23c
scripts/build_bwsc2025_fitted_package.py,package builder,,"PvFitResult, BatteryFitResult, MotionFitResult, PostRefineResult","_fork_joint_minimize, local_dt, ensure_dir, append_reason, log_stage, remove_tree_force, robust_read_csv, read_excel_any, find_column, write_map_csv, interpolate_to_reference_grid, to_utc, timestamp_ns, series_timestamp_ns, series_timestamp_s, iso_z, smooth_series, clip_series, load_event_anchors, classify_stop, build_stop_records, load_processed_day_logs, apply_distance_reconstruction, load_route_dem, attach_route_geometry, apply_exclusion_flags, _fetch_json, archive_url, meteorological_headwind_ms, fetch_route_weather_cache, build_weather_interpolators, attach_archive_weather, load_reference_loaded_voltage_curve, reference_map_grids, build_grounded_ocv_curve, build_grounded_rint_map, load_motor_sheet_samples, build_grounded_drive_family, build_grounded_panel_map, build_grounded_mppt_map, build_grounded_map_assets, base_model_from_public_profile, soc_fit_upper_bound, soft_soc_upper_bound, fitted_pv_power, base_pv_power_unlimited, fit_pv_parameters, stationary_panel_deployment_mask, control_stop_mask, attach_archive_pv_model, fit_stop_tilt_fraction, build_ocv_curve, inverse_ocv_lookup, rint_lookup, battery_prior_penalty, terminal_anchor_sigma, motion_prior_penalty, clip_to_bounds_vec, finite_optimizer_candidate, clone_params, identity_shape_summary, unpack_shape_theta, shape_log_surface_at, fit_separable_shape_summary, fit_separable_shape_with_holdout, independent_map_shape_groups, apply_shape_summary_to_df, scaled_shape_summary, fit_ocv_offset_summary, apply_ocv_offset_summary, build_model_from_map_assets, infer_soc_from_loaded_state, build_retire_anchor, terminal_anchor_window, build_stage_anchors, stage_anchor_windows, replay_segment_start_mask, segment_anchor_soc_from_observation, robust_segment_anchor_soc, rest_soc_targets, make_battery_starts, make_motion_starts, battery_replay_voltage, battery_soc_step, dcir_observations, dcir_log_likelihood_penalty, fit_battery_parameters, unscaled_map_efficiency, motion_power_prediction, fit_regen_utilization, initial_motion_guess, fit_motion_parameters, joint_refine_parameters, joint_replay_core, joint_replay, resample_for_fit, build_effective_weather, metrics_from_replay, quick_metrics_from_replay_payload, retire_anchor_metrics, quick_retire_anchor_metrics_from_payload, copy_pv_fit, copy_battery_fit, copy_motion_fit, replay_metrics_for_candidate, post_refine_replay_scalars, fit_map_shapes, write_scaled_maps, planning_race_km_from_route, write_route_assets, drive_windows_from_anchors, write_drive_schedule_yaml, write_stops_yaml, write_control_stops_yaml, ideal_tracking_poa_wm2, write_nominal_planning_weather_grid_csv, write_stop_catalog_csv, write_observed_weather_csv, write_normalized_logs, write_profile, write_fit_summary_yaml, write_current_maps_and_coefficients, run_forward_sim, load_profile_yaml, build_model_from_profile_cfg, numerical_dpower_dv, shape_lower_plan, generate_plan_products, plot_validation, write_placeholder_plan_outputs, write_report_markdown, write_report_tex, compile_tex, write_package_readme, main","__future__, argparse, concurrent.futures, dataclasses, datetime, json, math, matplotlib, matplotlib.pyplot, mpc_solarcar.model, mpc_solarcar.route_utils, mpc_solarcar.utils_maps, multiprocessing, numpy, os, pandas, pathlib, scipy.interpolate, scipy.optimize, shutil, stat, subprocess, sys, textwrap, time, typing, urllib.parse, urllib.request, yaml, zoneinfo",,6828,304019,8c569041f016ec579d37f0b6c65bed794a07f186be98c368e70c5ddc8e22d70b
scripts/build_fastest_certified_profile.py,operations/support script,,,"_root_relative, build_profile, parse_args, main","__future__, argparse, copy, pathlib, yaml",,236,8917,8b60b3e5e8f52249f2b47dc9b37fa6a87cff04fdd22f2b4144a827a046d61928
scripts/build_historical_weather_counterfactual_grid.py,operations/support script,Build a PV-observation-conditioned weather grid for historical counterfactual replay.,,"_time_column, build_observed_ratio_trace, ratio_at_grid_times, correct_historical_weather_grid, relative_to, build_summary, parse_args, main","__future__, argparse, math, numpy, os, pandas, pathlib, typing, yaml",,330,13391,8964817ff0576e76df6e0688707617de82dd2c38c66f8f496ba840d6245157a8
scripts/build_identification_evidence_bundle.py,vehicle identification tool,,,"relpath_from, read_yaml, write_yaml, write_text, copy_if_exists, build_notes, main","__future__, argparse, json, os, pathlib, shutil, yaml",,332,14845,971960e059e4e016342fa3ee30e3ee8a9594db25b6c6640bd0bc9cb5a6f0d426
scripts/build_linear_restore_derivation_report.py,documentation/report generator,,,"parse_args, load_payload, copy_assets, build_flow_figure, build_markdown, build_pdf, main","argparse, json, math, matplotlib, matplotlib.pyplot, pandas, pathlib, shutil, subprocess",,510,21093,cf30962a96619f8ad4bc0ed35eb2a31566f623bfee69a51bfa7a098a6142d943
scripts/build_linear_restore_hierarchical_report.py,documentation/report generator,,,"parse_args, escape_tex, copy_if_exists, main","argparse, json, pandas, pathlib, shutil, subprocess",,399,15021,98ae835b987644a52322e5e53a40199e40df8976787ac862bdbb0d4ac25a0af2
scripts/build_mle13_completion_report.py,documentation/report generator,"Build the night-aux, self-learning, and full-course validation report.",,"load_json, load_yaml, resolve_path, relative, escape_tex, compile_tex, analyze_simulation, main","__future__, argparse, json, matplotlib.pyplot, mpc_solarcar.upper_horizon, numpy, pandas, pathlib, subprocess, sys, textwrap, yaml",,391,17415,24a2ee812526e9d38630c72f26e433ab8dcf28260e13262ecca97ad28425a317
scripts/build_motor_maps.py,operations/support script,,,"extract_rows, build_map, main","argparse, math, numpy, pandas, pathlib",,101,3447,3b35cb66a7744b5479af92b9c2f7f743a8ce6eeb835cb8829b6c32c43bd96e7d
scripts/build_ocv_curve.py,operations/support script,,,main,"argparse, numpy, os, pandas",,39,1267,edb742289270cf131c7e8399a7608cabc0cae0321c414f0f474e1fff9171ce45
scripts/build_operational_fine_profile.py,operations/support script,Create the non-certified fine-mesh operational MPC profile.,,"median_distance_spacing, resolve_profile_path, main","__future__, argparse, copy, math, pandas, pathlib, yaml",,149,6118,a8454f079a5a5be1a8cafd7bbf923e33c946de179e339018f1c23335bca7f3af
scripts/build_pv_maps_from_csv.py,operations/support script,,,"build_pivot, main","argparse, numpy, os, pandas",,51,1853,4a8b24cf0a074727a7359df8d12a8f07815b477e15774b51a9d109f2b27b77e0
scripts/build_rint_map_from_timeseries.py,operations/support script,,,main,"argparse, numpy, os, pandas",,47,1844,3a8c821c3f1b5d5c33cdaf124d29b9dd0dcfe2d612fbf098db892dad93575a49
scripts/build_route_profile_from_gps.py,operations/support script,,,"haversine_m, main","argparse, math, numpy, os, pandas",,76,2629,b0a5a4f8cd78f0b08cb1dae122fb5962cc50792efa73267f3d29ef579a640094
scripts/can_smoke_test.sh,operations/support script,,,,,,0,1621,a711bdfb27a282e141efb743ecb9f4779af8d378e66240479903a9fc3875f9f9
scripts/check_gpu_surrogate_feasibility.py,operations/support script,Reject a high-fidelity GPU surrogate result that violates vehicle limits.,,"evaluate_summary, main","__future__, argparse, json, math, pathlib, yaml",,103,3730,9cd5b5638df9bacdb7250f098b62c08a42fd244bf5036ebb24ecd873c02ccce9
scripts/check_model_validation_gate.py,operations/support script,Evaluate the independent vehicle-model gate for one resolved profile.,,main,"__future__, argparse, json, pathlib, scripts.solar_sim, sys, yaml",,41,1172,7944938f541e9e0876aa9f77b0ac19af10ccd7b42b6d5b6d1cd7235275bf9380
scripts/check_policy_weather_input.py,operations/support script,Reject circular or non-instant weather before policy optimization.,,"evaluate_policy_weather, main","__future__, argparse, csv, json, pathlib, yaml",,105,3590,fb052c0ea291159ec204b80a073204bae2c45e59c2dad128dcd0da35e5a49cfa
scripts/clone_vehicle_identification_package.py,vehicle identification tool,Create a clean vehicle-identification generation from an existing package.,,"assert_package_child, materialize_active_maps, clone_package, parse_args, main","__future__, argparse, pathlib, re, shutil, yaml",,251,10040,8598a9b51aff0106c8ce630d574f55fd4ab7a6bd234f5532364067049881f739
scripts/compare_identification_runs.py,vehicle identification tool,Compare immutable identification runs with the current validation gate.,,"sha256, parse_assignments, finite, load_run, write_plot, main","__future__, argparse, hashlib, json, math, matplotlib, matplotlib.pyplot, pandas, pathlib, promote_identification_run, sys, yaml",,198,8956,7978c8e322956997ce834918c7835cccffed2d0c98a7fc10ba190857b59693a0
scripts/continue_freearray_fixedheight_realistic_gate.py,operations/support script,,,"parse_args, load_initial_latent, row_from_result, main","argparse, json, mpc_solarcar, numpy, pandas, pathlib, sys",,138,6400,b9c03feaf8eb8f56cd88e69b4a48eb65f41528f87c8a18011bedb7afbbe7eb9a
scripts/continue_linear_restore_objective_v2.py,operations/support script,,V2Result,"parse_args, load_starting_point, theta_weighted_v2_score, optimize_continue_v2, plot_history, build_report, build_pdf, main","argparse, dataclasses, json, math, matplotlib, matplotlib.pyplot, mpc_solarcar, numpy, pandas, pathlib, scripts.run_linear_restore_objective_search, shutil, subprocess, sys",,371,14933,58a399453dd60a699f7d2dde681cdb6f1951c0f1f32f542eb7c839022346f500
scripts/continue_linear_restore_objective_v3_balanced.py,operations/support script,,V3Result,"parse_args, load_starting_point, v3_balanced_score, optimize_continue_v3, plot_history, build_report, build_pdf, main","argparse, dataclasses, json, math, matplotlib, matplotlib.pyplot, mpc_solarcar, numpy, pandas, pathlib, scripts.run_linear_restore_objective_search, subprocess, sys",,402,16659,39faff476b61aeb33bdd06e16c95876071213d64579139ba28cbc8066fb470db
scripts/create_bwsc2025_fullcourse_nominal_profile.py,operations/support script,,,"load_yaml, dump_yaml, resolve_profile_asset, clip, build_planning_weather, build_public_control_stops, main","argparse, copy, pandas, pathlib, yaml",,243,11176,f2dc25e2339c6a5fcc901e2df1cc114e57109c22e4a08eabdc65b6952a248057
scripts/create_operational_fine_profile.py,operations/support script,Create a fine-mesh operational profile from the latest canonical fit profile.,,"resolve, materialize_relative_references, parse_args, main","__future__, argparse, math, os, pathlib, yaml",,261,11197,04a6495559f773fb880eaf3966b1fbbc6ebc84f18e5acd441bdba9f75cbd5ff7
scripts/create_project_packages.py,package builder,,,"ensure_dir, wipe_and_make, copy_file, write_text, write_yaml, write_csv_rows, copy_tree_contents, fetch_json, download_binary, geocode_location, bearing_deg, headwind_component_ms, blend_angle_deg, build_template_profile, blank_bundle_readme, public_bundle_readme, write_blank_inputs, fetch_waypoint_weather, build_public_route_weather, build_public_profile, create_public_bundle, create_blank_bundle, write_index, main","copy, csv, datetime, io, json, math, pandas, pathlib, shutil, urllib.parse, urllib.request, yaml",,889,37355,c536db7abc7ff3174e0a645d2cb92e69c35ef4b8330a0095f419df5425b1c531
scripts/create_solarcar_blank_package.py,package builder,,,"patch_blank_manual, patch_blank_entrypoint, reset_project_inputs, write_readme, write_manifest, build_blank_copy, parse_args, main","__future__, argparse, datetime, json, pathlib, re",,269,13284,4d91784073613b3d3b450d2bbfed1c04355b47f88521d4c9fe217be6d48b9197
scripts/create_solarcar_only_package.py,package builder,,,"copy_path, _newest_completed_directory, current_fitted_copy_ignore, copy_current_fitted_package, safe_rmtree, prepare_output_dir, rel, should_remove, prune_paths, prune_current_fitted_history, prune_self_learning_history, _resolve_source_document, _bundle_yaml_source_fields, bundle_current_fitted_evidence, _declared_source_values, validate_current_fitted_release, patch_setup_py, patch_mpc_node, write_readme, write_manifest, refresh_quality_artifacts, build_clean_copy, parse_args, main","__future__, argparse, datetime, json, os, pathlib, re, shutil, subprocess, sys, yaml",,691,27884,b02924d231e75dad54a2d302372608f2324a32c770dd2f8f427ac5ea98c104a3
scripts/dashboard_demo_server.py,operations/support script,Serve the real dashboard with deterministic training telemetry.,DemoHandler,main,"__future__, argparse, functools, http.server, json, pathlib, urllib.parse",,80,2352,0317fdb395546c9b774bb44ac7c9ca84442d7a1b309595cc7f2ab1d448ce80f8
scripts/enrich_replay_weather_components.py,operations/support script,Add independent Open-Meteo GHI/DNI/DHI and wind to a replay log.,,"route_geometry_from_replay, enrich_replay, parse_args, main","__future__, argparse, numpy, pandas, pathlib, scripts.build_bwsc2025_fitted_package, sys",,105,3375,f77862c3fbff60ff5ebc643dae3a70650069248d4212bd7cad07d9338705769c
scripts/evaluate_magnetic_candidate_layer_sweep.py,operations/support script,Sweep magnet layers for one exact free-array candidate and apply hard gates.,,"parse_args, ready, main","argparse, dataclasses, json, mpc_solarcar, numpy, pandas, pathlib, sys",,160,7179,3dbd40e6c4104bae9565380fd2d64291f8ca87e6e73082da400878b8e433fee5
scripts/export_feasible_fourier_coupler_step.py,operations/support script,Export pocketed STEP rings only for an exact 16/16 Fourier candidate.,CarrierParameters,"parse_args, json_ready, gate_payload, write_status, signed_area, normalized_profile, radial_offset, profile_face, pocket_cylinder, build_ring, minimum_same_layer_center_spacing_mm, write_pocket_csv, draw_preview, export_record, main","__future__, argparse, csv, dataclasses, json, math, mpc_solarcar, numpy, pathlib, scripts.reevaluate_fourier_gpu_candidates, sys",,395,16993,224cd460852ace23733e87b4e003ca0cdbdb835862401cc5777411772d9f98b5
scripts/export_rqt_graph.py,operations/support script,,,"cli_node_names, cli_topic_names, graph_is_meaningful, main","argparse, os, pathlib, qt_dotgraph.pydotfactory, rclpy, rclpy.node, rqt_graph.dotcode, rqt_graph.rosgraph2_impl, shutil, subprocess, sys, time",,185,6670,c2ffef6b984de576f8c4133ac87986629ec9dfaa79f7212c1eb45aad213a2486
scripts/fetch_weather_forecast.py,operations/support script,,,main,"argparse, mpc_solarcar.solar_profile, mpc_solarcar.weather_utils, os, pandas, pathlib, sys",,84,3400,89625bc3ee8176f508e8917c42d1f594469963010840d1a1dc1b8096627bab19
scripts/finalize_bwsc2025_reidentified_package.py,package builder,,,"repo_relative, ensure_dir, latex_escape, read_json, resolve_repo_path, set_nested, mirror_and_write_profile, run_solar_sim, os_fspath, load_motion_fit, race_distance_info, regenerate_plan_products, render_plots, write_report, main","__future__, argparse, build_bwsc2025_fitted_package, datetime, json, math, matplotlib, matplotlib.pyplot, pandas, pathlib, subprocess, sys, textwrap, tune_upper_planner_weights, typing",,539,24099,47388dea2e48c85e01959c950d574cb33d74504700a6323bdf1cda91adfaa0eb
scripts/finalize_solar_gpu_campaign.sbatch,operations/support script,,,,,,0,2024,bb789f9f8a7aaca8f8480ba5c1420bd904ae4258fdfe1ec0af8ace9ea3f1836d
scripts/find_existing_magnetic_coupler_solution.py,operations/support script,,,"parse_args, finite_or_nan, load_case, check_profile, ranking_score, build_report_markdown, main","argparse, json, math, pandas, pathlib",,229,10621,51418272255a2b56c941dca375f258a8df36fe9d4a5a98b33cbfeb2a89330f6b
scripts/fit_magnetic_coupler_surrogate_calibration.py,vehicle identification tool,Fit conservative finite-volume to analytical-cylinder metric calibration.,,"parse_args, fit_envelope, main","__future__, argparse, json, numpy, pathlib",,124,4919,b694e9639a63d2020fd51fd5cd048ee6c3d5456767990be5201d3befd15eab09
scripts/fit_vehicle_params.py,vehicle identification tool,,,"infer_sample_period_sec, main","argparse, numpy, os, pandas, yaml",,103,4069,0dc1bb26b37b168ce21ed545f42db8f2dcb40039e39a30a297de4d85eb2b9262
scripts/generate_bachelor_thesis_magnetic_coupler.py,operations/support script,,ResultBundle,"tex_escape, load_result, selected_design, static_assessment, dynamic_summary, mm, scenario_aggregate, copy_figure, render_shape_preview, format_candidate_comparison_table, format_design_variable_table, format_program_table, chapter_opener_latex, reference_entries, strip_reference_prefix, build_candidate_rows, paragraph_lines, write_markdown, write_latex, build_figure_map, compile_latex, compile_docx, write_manifest, main","dataclasses, json, math, matplotlib, matplotlib.pyplot, mpc_solarcar, numpy, pandas, pathlib, shutil, subprocess, sys",,1559,91320,11612ff560250e0a8d567f4c763d8d10a75e08030a9b0b15d22bb39c3bea0135
scripts/generate_controller_worksheet_report.py,documentation/report generator,,,"read_yaml, repo_rel, compile_tex, main","__future__, argparse, mpc_solarcar.upper_cost, mpc_solarcar.upper_horizon, os, pathlib, subprocess, sys, textwrap, tune_upper_planner_weights, yaml",,364,17860,789f3bad7ec39f958bbc2493574d58789b24ede6dd457827f129f6bf7c7c5402
scripts/generate_dashboard_dummy.py,operations/support script,,,main,"argparse, csv, datetime, math",,106,3770,56e57084e56e69514eb6d0c74f1a850919ea36a4af1409df31f72a2ebe7af6a5
scripts/generate_fit_fullsim_report.py,documentation/report generator,,,"resolve_path, latex_escape, rel_display, locate_package_dir, locate_fit_summary, rms, day_block_bootstrap_rmse, load_replay_diagnostics, locate_fullsim_manifest, resolve_manifest_artifact, load_fullsim_summary, audit_fullsim_detail, interpolate_at_distance, moving_speed_in_interval, build_human_mpc_distance_comparison, build_daily_progress_comparison, write_human_mpc_distance_plot, md_table, tex_kv_table, tex_df_table, build_report, main","__future__, argparse, json, math, matplotlib, matplotlib.pyplot, numpy, os, pandas, pathlib, scripts.audit_identification_residuals, scripts.build_bwsc2025_fitted_package, sys, textwrap, typing, yaml",,1606,71968,0b02f300fe27dd5806e0686c58564ef85c115b501f13b58fc898d882f60c54fc
scripts/generate_freearray_fixedheight_convergence_report.py,documentation/report generator,,,"parse_args, load_json, mass_slug, candidate_case_dir, find_first, load_stage1_best, load_stage2_bests, load_localcheck_best, select_overall_best, completed_stage2_evaluations, completed_local_evaluations, build_candidate_metrics, render_figures, markdown_table, build_markdown, build_pdf, main","argparse, json, math, matplotlib, matplotlib.pyplot, mpc_solarcar, numpy, pandas, pathlib, subprocess, sys",,540,23914,10888c3b090aa2f1bc8f78e8b51ea9d97d85a137661b0a83a5e123dfe07c1f65
scripts/generate_freearray_fixedheight_theoretical_note.py,operations/support script,,,"parse_args, escape_tex, file_lines, main","argparse, json, math, pandas, pathlib, subprocess",,332,12271,8aac3e8400280d2bd954f403f05fe823c0fd27de9f6d0c2a778bd32237c14dfd
scripts/generate_gpu_acceptance_report.py,documentation/report generator,"Build the auditable GPU-search, exact-replay, and mesh-convergence report.",,"read_json, read_yaml, finite, tex_escape, format_cell, tex_table, collect_surrogate_summaries, load_progress, collect_exact_rankings, local_selected_manifest, resolve_sibling, make_convergence_plot, make_fullsim_plot, build_report, main","__future__, argparse, json, math, matplotlib, matplotlib.pyplot, numpy, os, pandas, pathlib, shutil, textwrap, yaml",,636,31278,34e458bb35536ee81e88a9b844f1d3dd6e944303ea0224f759dab57d09048a03
scripts/generate_magnetic_coupler_hifi_report.py,documentation/report generator,,,"tex_escape, load_payload, extract_symbol_summary, write_ascii_safe_listing, build_dynamic_table, write_report, parse_args, compile_pdf, main","argparse, ast, json, mpc_solarcar, os, pathlib, subprocess, sys",,364,20102,c4db4275a32fb4f5245157848f3af6993b82fe201991666816713c5c93845db4
scripts/generate_magnetic_coupler_hifi_revision_report.py,documentation/report generator,,,"tex_escape, load_payload, metric, build_comparison_rows, write_report, compile_pdf, parse_args, main","argparse, json, pathlib, subprocess, sys",,206,11329,c5b76fd33fa191f423bbadd650b524ff494446ee1dba934adddd547f6097a0c8
scripts/generate_magnetic_coupler_review_assets.py,operations/support script,,,"load_selected_design, rerun_validation_records, sample_curve_points, transform_points, build_magnet_markers, render_gui_frame, save_gui_animation, discrete_magnet_centers_and_moments, dipole_field, save_field_distribution, choose_text, explain_line, tex_escape, build_line_explanations, write_ascii_safe_listing, write_tex_report, compile_pdf, main","PIL, json, math, matplotlib, matplotlib.pyplot, mpc_solarcar, numpy, os, pathlib, re, subprocess, sys",,837,39277,d84d8f58a13503baed9881505f5ae441e19502983edcd9dfc987130a99933296
scripts/generate_magnetic_coupler_search_program_report.py,documentation/report generator,Generate an auditable Japanese report for the magnetic-coupler search stack.,,"read_json, sha256, source_summary, categorize, role_for, collect_sources, configure_plot_font, draw_pipeline, draw_funnel, write_manifest, md_table, main","__future__, ast, csv, hashlib, json, math, matplotlib, matplotlib.pyplot, numpy, pathlib, shutil",,479,32192,2bd89da37fa6b4192a5caaa7ee8a0ad65138a67241be4ee4a435937c7e6b22c9
scripts/generate_mpc_refinement_report.py,documentation/report generator,,,"ensure_dir, latex_escape, compile_tex, repo_rel, speed_series, load_case, render_plots, write_markdown, write_tex, main","__future__, datetime, json, math, matplotlib, matplotlib.pyplot, pandas, pathlib, subprocess, textwrap",,378,14647,d6e1beb9e095d8990e35b036b290070636be670d3a6bfea1141d16de93ba421c
scripts/generate_package_inventory.py,documentation/report generator,Generate auditable source and workspace inventories for the ROS 2 package.,,"sha256, skipped, iter_source_files, iter_workspace_files, first_text_line, infer_role, inspect_python, source_row, write_csv, write_markdown, main","__future__, argparse, ast, csv, hashlib, os, pathlib, re, typing",,259,7980,78cc64eeab9b1fb36e12e175d8d1215fc85fa16f8535a75e10e59c0e8e299bd1
scripts/gpu_upper_policy_search.py,operations/support script,GPU CEM proposer for a fine distance-domain upper speed policy.,"TensorMap2D, TensorMap1D, WeatherGrid","resolve, iso_utc, source_signature, build_distance_segments, kinetic_power_w, slew_limited_segment_kinematics, stationary_auxiliary_power_w, parse_args, main","__future__, argparse, datetime, hashlib, json, math, mpc_solarcar.route_utils, numpy, pandas, pathlib, sys, torch, yaml, zoneinfo",,1444,66761,17f5baa8842f386d24e805b483adc91b02b2386dc640e613a9f5bea94ce73d11
scripts/import_bom_satellite_solar.py,operations/support script,Import BOM Himawari hourly solar exposure into a route/time weather grid.,,"first_present, route_frame, normalized_csv, route_sample_netcdf, haversine_km, prepare_observation_grid, unix_seconds, interpolate_to_base, merge_with_base, quality_summary, parse_args, main","__future__, argparse, json, math, mpc_solarcar.weather_utils, numpy, pandas, pathlib, scipy.interpolate, sys",,380,16894,f7b9d98b6f8bbaf3768958a2099fe985600110901b94430ccb333709b364677b
scripts/normalize_bwsc2025_field_evidence.py,operations/support script,"Normalize BWSC2025 panel, stop-charge, and ERA5 field evidence.",,"resolve, parse_args, numeric, panel_row, append_aggregate, normalize_darwin_panel, normalize_aug16_panel, normalize_charge_workbook, weather_crosscheck, main","__future__, argparse, datetime, json, math, numpy, pandas, pathlib, re",,283,11798,6d4a895cc2d715167c3b99a81aefce39ed290ff6a2f0d01c78f5536687a989ef
scripts/obd_scan.py,operations/support script,,,"request_pid, parse_support_mask, main","argparse, can, time",,74,2123,63fd8de3bc3b925d5ee8af344d56945cebe2732ffb6e699f52f100acdf190176
scripts/postprocess_fuel.py,operations/support script,,,"load_and_clip, integrate_fuel, summarize, maybe_plot, main","argparse, math, os, pandas",,164,6682,446db3bf6d5f3ae79ea5c661718fb7a334380bd2547335ec9219613c1306a809
scripts/promote_identification_run.py,vehicle identification tool,Promote a versioned identification run only after every validation gate passes.,,"sha256, relative_or_absolute, resolve_candidate_reference, evaluate_gates, canonicalize_candidate_paths, synchronize_fullsim, main","__future__, argparse, datetime, hashlib, json, math, os, pathlib, shutil, yaml",,422,18965,fad60387f48b94f8630e833ff8dd628acaa4d0fc3b1c469996052582999a82d3
scripts/rank_gpu_upper_policy_candidates.py,operations/support script,Rank completed GPU CEM proposers without claiming exact-simulator acceptance.,,main,"__future__, argparse, json, pandas, pathlib, shutil",,72,3088,ccc0993a2266f680343f87e4138474c0ea2a33760ec1dba4e5ed7211c730458a
scripts/rebuild_planning_weather_from_cache.py,operations/support script,Build a planner weather grid from independent archive components and a fit summary.,,"resolve, dataclass_from_mapping, rebuild, parse_args, main","__future__, argparse, dataclasses, pandas, pathlib, scripts.build_bwsc2025_fitted_package, sys, yaml",,83,2845,cbaf1b55fe9301c1f833a5733fb109ed1475efd588eea75cc16ef5b47b616b3d
scripts/reevaluate_fourier_gpu_candidates.py,operations/support script,Re-evaluate high-order Fourier GPU candidates with cylindrical magnets.,,"parse_args, json_ready, run_step_export, select_diversified, design_from_candidate, evaluate_static_task, static_assessment_from_record, record_inner_min_radius_m, exact_gate_checks, static_rank, dynamic_summary, flatten, plot_results, write_report, main","__future__, argparse, concurrent.futures, dataclasses, json, math, matplotlib, matplotlib.pyplot, mpc_solarcar, numpy, os, pandas, pathlib, subprocess, sys, time",,485,22618,8ba8d75d4946cdd1e03d173ac3ddb42ef06a011861242bb558a8df3ed5e14747
scripts/reevaluate_gpu_magnetic_candidates.py,operations/support script,Re-evaluate GPU dipole-screen candidates with Magpylib and dynamic hard gates.,,"parse_args, json_ready, apply_expanded_bounds, select_candidates, static_priority, summarize_static, dynamic_summary, write_status, flatten_records, plot_results, write_report, main","__future__, argparse, dataclasses, json, math, matplotlib, matplotlib.pyplot, mpc_solarcar, numpy, pandas, pathlib, sys, time",,350,14797,429c98de7488c64c456b4da12cbcd6473c7cf6bcaeccce7edae3b3ad0336ea3d
scripts/regenerate_identification_report.py,vehicle identification tool,Regenerate an identification report from versioned fit artifacts only.,,"load_yaml, dataclass_from_mapping, locate_package, resolve_package_path, default_post_refine, main","__future__, argparse, dataclasses, json, os, pathlib, scripts.build_bwsc2025_fitted_package, scripts.run_vehicle_identification, sys, typing, yaml",,177,6435,342eaae962f40b83280bdb4a53265b46383a21ccfeea30b39180922b3b1d0eb7
scripts/render_corridor_schematic_video.py,operations/support script,,,"parse_args, try_load_font, rotmat, transform_points, body_box_points, make_world_mapper, world_to_canvas_fn, draw_polygon, draw_polyline, draw_points, draw_arrow, draw_badge, clamp_box_position, history_metrics, write_fidelity_report, build_history, attach_schematic_frame, render_video, main","PIL, argparse, imageio.v2, json, math, mpc_solarcar, numpy, pathlib, sys",,669,33779,c070b7b31db5e6a3deccdf1b85316c1b2c58fb4dca14b93ef509b8b9aef8b233
scripts/render_mujoco_corridor_video.py,operations/support script,,,"parse_args, yaw_to_quat, pick_ring_points, capsules_from_polyline, build_mjcf_text, try_load_font, attach_hud, set_body_pose, build_history, render_video, main","PIL, argparse, imageio.v2, json, math, mpc_solarcar, mujoco, numpy, pathlib, sys",,362,14939,5c29ba388fc9017cd3810b4235d004027bf460ba1f191b5df35dbfaf3f22a922
scripts/resubmit_solar_gpu_refinement_chain.sh,operations/support script,,,,,,0,5298,f3fab0869bfd2c57fdb6489c89fbaa631520fc0a558723cba4787ec01f68bafb
scripts/run_freearray_fixedheight_budgeted_campaign.py,operations/support script,,,"parse_args, parse_count_pairs, round_up_to_population, format_mass_slug, case_dir_name, best_case_json_path, load_best_case_payload, load_initial_latent, summarize_candidate, refine_case_from_payload, render_ranked_candidates, build_report, main","argparse, json, math, mpc_solarcar, numpy, pandas, pathlib, sys",,456,21543,bfd5789f4f52200db42eadef397cd10732883502a6d30789aeafc78278a9b165
scripts/run_freearray_fixedheight_realistic_gate.py,operations/support script,,,"parse_args, parse_count_pairs, load_case_rows, build_report, main","argparse, json, mpc_solarcar, pandas, pathlib, sys",,157,7332,ee76d65a37a8338c11974e2887032e0b2794a0dec8232d971a926e74db4d93c7
scripts/run_global_magnetic_coupler_campaign.py,operations/support script,,,"prime_sequence, van_der_corput, halton_sequence, unit_to_latent, feature_vector, greedy_diverse_indices, quick_worker, validation_worker, merge_archive_maps, parse_latent_vector, dynamic_candidate_sort_key, tracking_candidate_sort_key, evaluate_dynamic_pipeline, format_markdown_table, plot_quick_screen, plot_restart_summary, plot_final_candidates, write_report, run_jobs, main","ast, concurrent.futures, dataclasses, json, math, matplotlib, matplotlib.pyplot, mpc_solarcar, numpy, os, pandas, pathlib, sys, time",,728,31201,6ab727bab968f46ee25b8260ad705009a163b7ea742215b4738e968c69ce4d20
scripts/run_identification_pipeline.py,vehicle identification tool,,,"run, main","argparse, mpc_solarcar.solar_profile, os, pathlib, subprocess, sys",,90,3187,28ea90f2cfb526907c9e1cbe38255e1633eddf96050b196f794e257c942a4bf0
scripts/run_linear_restore_hierarchical_spd_search.py,operations/support script,,SearchBundle,"parse_args, parse_case, structured_manifest_rows, spd_priority_score, bundle_from_candidate, run_cma_search, evaluate_structured_case, evaluate_full_case, write_candidate_json, plot_history, load_reference, main","argparse, dataclasses, json, math, matplotlib, matplotlib.pyplot, mpc_solarcar, numpy, pandas, pathlib, scripts.run_linear_restore_objective_search, sys",,473,19787,bbea827bd03b792859cb7fca11f63bbcdedf3f131338603b28c364f00be250e7
scripts/run_linear_restore_metaobjective_full70_search.py,operations/support script,,"MetaObjectiveSpec, RobustSupervisorMetrics","parse_args, escape_tex, bounded_sigmoid, pow_range, decode_meta_objective, patched_search_space, custom_inner_score, multiscale_spd_metrics, robust_supervisor, inner_order_tuple, supervisor_order_tuple, evaluate_latent, run_inner_search, run_outer_search, plot_history, plot_multiscale_heatmap, load_warm_start, maybe_run_pdflatex, build_report, main","argparse, contextlib, dataclasses, json, math, matplotlib, matplotlib.pyplot, mpc_solarcar, numpy, pandas, pathlib, subprocess, sys, warnings",,1003,52466,ca894b7c3692d5941d983d8c4c37e3e22edaf706640a7993ec172c9e929e45cd
scripts/run_linear_restore_objective_search.py,operations/support script,,LinearCaseResult,"parse_args, parse_case, harmonic_angle_offsets, harmonic_radius_profile, harmonic_tilt_profile, structured_latent_dimension, build_structured_design_from_latent, optimize_linear_case, plot_history, plot_stiffness_heatmap, plot_linear_response_curves, evaluate_reference_design, build_report, build_pdf, main","argparse, dataclasses, json, math, matplotlib, matplotlib.pyplot, mpc_solarcar, numpy, pandas, pathlib, shutil, subprocess, sys",,770,33556,4bac8366f1b7ac6ed6dac5624acefd468c183c3a8d73102c06c962e0150697e3
scripts/run_magnetic_coupler_adaptive_random_campaign.py,operations/support script,Adaptive random search with expanding/shrinking physical design envelopes.,,"parse_args, even_choice, set_model_bounds, random_candidate, static_priority, evaluate_dynamic, candidate_row, update_bounds, plot_progress, write_json_resilient, main","argparse, csv, json, math, matplotlib, matplotlib.pyplot, mpc_solarcar, numpy, os, pathlib, sys",,374,16673,895d9d1c652a4399710e4bde3d838439ec978422446e51669204833d485588e7
scripts/run_magnetic_coupler_exact_phase_scale_sym1241.sbatch,operations/support script,,,,,,0,799,cefe1c904f3322bea063659799d54186242767574fc744565d8d6b84c657f1a1
scripts/run_magnetic_coupler_exact_q5_final.sbatch,operations/support script,,,,,,0,909,e395afb5159cfe760541369962ffe9af231196c510014cacb9f8fa8580f44e20
scripts/run_magnetic_coupler_exact_q9_final.sbatch,operations/support script,,,,,,0,911,68851da185d80d65bbe3f81373e0f010eef2ae0abce22d5e4c502eea742b3310
scripts/run_magnetic_coupler_exact_q9_yaw_cem_final.sbatch,operations/support script,,,,,,0,904,710f4dd53a5ef8db4944568a780f5fa318151a499536840f14f86c439e7cc260
scripts/run_magnetic_coupler_exact_spacing_repair.sbatch,operations/support script,,,,,,0,709,c49c1f54ca2a9d2a84b116ede618cf8025ba486fe7abb50c597e29ec70f8124e
scripts/run_magnetic_coupler_exact_sym1241.sbatch,operations/support script,,,,,,0,798,003e68125c51a161bba566008ca138e89ab3d0ee96a81e444937608d97be335f
scripts/run_magnetic_coupler_global_campaign.py,operations/support script,Resumable global campaign over the finite physical installation design space.,,"parse_args, build_cases, case_slug, read_result, write_status, write_summary, run_case, main","argparse, csv, itertools, json, os, pathlib, subprocess, sys, time",,266,10331,41044206e9951aa30c070e12c28e61d6ae72b8ce3703291940c9f28a99c2b997
scripts/run_magnetic_coupler_gpu_dipole_screen.py,operations/support script,GPU-screen free-array magnetic couplers with a transparent dipole surrogate.,CountConfig,"parse_count_config, parse_args, stable_logit_uniform, gather_last, mirrored_parameters, decode_latent, polar_sites, periodic_radial_interpolation, aligned_clearance_and_package, transform_outer, dipole_wrench, score_batch, cpu_rows, update_archive, write_progress, optimize_config, plot_history, main","__future__, argparse, dataclasses, json, math, matplotlib, matplotlib.pyplot, numpy, pandas, pathlib, time, torch",,585,24837,45e8223b9abeeda4ead4000f57bcb7d7eb9cd2525e781d923413e56700439a01
scripts/run_magnetic_coupler_gpu_finite33_continuation.sbatch,operations/support script,,,,,,0,992,1668df9f0ab48ae80496578f8e1204ed87467a62b0971fbc5cb395c42f900b33
scripts/run_magnetic_coupler_gpu_finite33_linearity.sbatch,operations/support script,,,,,,0,999,098d741622af977cbe71e3dad29c6727ea087c672127b6c5f94ea5d6500042ad
scripts/run_magnetic_coupler_gpu_finite_convergence.sbatch,operations/support script,,,,,,0,961,8cd798016a37343fd966a5f45eff02dad83b13af4b31e1b717aca486418eb88d
scripts/run_magnetic_coupler_gpu_finite_facefix_optimize.sbatch,operations/support script,,,,,,0,981,82f17206b28b60854a7f25f2c79c8e14f96c0800d18ee29c00b62e1a0315416a
scripts/run_magnetic_coupler_gpu_finite_magnet_search.py,operations/support script,GPU search with finite-volume disk-magnet quadrature at every static pose.,Quadrature,"parse_args, configure_campaign, calibrated_metric, project_inversion_symmetric_latent, json_ready, select_diversified, build_quadrature, finite_disk_surface_cloud, finite_disk_volume_cloud, transform_outer_3d, rotate_outer_vectors, finite_surface_wrench, finite_volume_wrench, apply_conservative_wrench_cap, evaluate_finite_pose, fit_line_r2, finite_score_batch, metrics_to_rows, evaluate_candidates, attach_exact_metrics, evaluate_latent_population, finite_seed_priority, optimize_from_seeds, write_plots, write_report, main","__future__, argparse, dataclasses, importlib.util, json, math, matplotlib, matplotlib.pyplot, numpy, pandas, pathlib, sys, time, torch",,1329,64210,4043a67f762620a4f2be77e724827d4d68b000e78012abe3240ef79dc4a992d0
scripts/run_magnetic_coupler_gpu_finite_optimize.sbatch,operations/support script,,,,,,0,937,7544f8950a0aa67206394e9efd5a3faa7a9a50c088cab1632bb8fc109307d5fb
scripts/run_magnetic_coupler_gpu_finite_rerank.sbatch,operations/support script,,,,,,0,853,224dda46ea3bd10dac594b16edada055705d019505658c6dffb623d65d339370
scripts/run_magnetic_coupler_gpu_fourier_corrected.sbatch,operations/support script,,,,,,0,903,8cb51ed9ea5736c6ec644ea05e9790ca5b95788356b87877742da38bcfcaf651
scripts/run_magnetic_coupler_gpu_fourier_topology_search.py,operations/support script,GPU hierarchy search for high-order magnetic-coupler shapes and arrays.,Topology,"parse_int_list, parse_args, configure_domain, stable_logit_uniform, scalar_logit, structured_latent, fourier_basis, ordered_angles, interp_uniform, decode_latent, polar_sites, transform_outer, dipole_wrench, minimum_pair_spacing, pose_clearance, score_batch, candidate_rows, update_archive, write_progress, evaluate_population, screen_topology, refine_topology, decoded_payload, plot_candidates, main","__future__, argparse, dataclasses, json, math, matplotlib, matplotlib.pyplot, numpy, pandas, pathlib, time, torch",,1057,52441,05ccb36c9acfde25c0b11b924f4b7267405c360ed2c4f161d9800eca14e57780
scripts/run_magnetic_coupler_gpu_hardspacing_calibrated_1m_pipeline.sbatch,operations/support script,,,,,,0,2524,adb34dc43bbd241d99da1f7f930a79f5c18f0fb1f4ddf63d97a411fc9522c7e8
scripts/run_magnetic_coupler_gpu_screen.sbatch,operations/support script,,,,,,0,681,ae56a5da17411dcd372bbec255b631e73fc31ed10430c4d4facb0c390f371948
scripts/run_magnetic_coupler_gpu_transport_coprime_16gate.sbatch,operations/support script,,,,,,0,1522,625487839a43a92d0147e690442812f88441d9b4c722c7fd842faa252356bdac
scripts/run_magnetic_coupler_gpu_transport_expanded.sbatch,operations/support script,,,,,,0,1308,dd6d949e65b65df71a70de05f436c1653b355fbb736423d238b9e4f0fa16f2cb
scripts/run_magnetic_coupler_gpu_transport_finite1.sbatch,operations/support script,,,,,,0,1427,9f31d2ab57ceaebf8e332a5e5b2b4c7998f1e0ef32a1a9f728064411f0dc93d5
scripts/run_magnetic_coupler_gpu_transport_finite25_calibration.sbatch,operations/support script,,,,,,0,1387,dd5c95e48a5617697750e6ed3a68225da809df62f9e0a39724c6f4df4f9c81e7
scripts/run_magnetic_coupler_gpu_transport_finite5.sbatch,operations/support script,,,,,,0,1439,237297435cb10c453634464f2db8bee1d9d8fbb5c4f2ee9d492157b4485e7500
scripts/run_magnetic_coupler_gpu_transport_finite81_calibration.sbatch,operations/support script,,,,,,0,1387,eef1145b8515709b45e479f460b197412ff4ec3c3d5c95f9ae89cd0fd876aedc
scripts/run_magnetic_coupler_gpu_transport_ultrawide.sbatch,operations/support script,,,,,,0,1344,4585b36cfbe11faaeb5e1c22b4f19d5328a20b0751716c145ff3b429ad6a91e0
scripts/run_magnetic_coupler_gpu_transport_volume5_opt100k.sbatch,operations/support script,,,,,,0,1588,98ed2c2c5a96518a5b8f86db4cf4c2b98768175c3e53c54c393727ffcf73fb9c
scripts/run_magnetic_coupler_gpu_transport_volume5_sym_opt100k.sbatch,operations/support script,,,,,,0,1626,daffd5a4115b78b054f740d22e4478299b5c5e1ba94915cf3d22f464d87dbf30
scripts/run_magnetic_coupler_gpu_transport_volume9_sym_margin50k.sbatch,operations/support script,,,,,,0,1758,04176814281870ade1c4296fc1628896b332d8fae6be481b6ef13733ad393e3b
scripts/run_magnetic_coupler_gpu_transport_volume9_yaw_cem50k.sbatch,operations/support script,,,,,,0,1789,9ce1e41850750fad7121b06b8c1e88bf6f98700a0d94841374ce898f7500cb8c
scripts/run_magnetic_coupler_lowmass_scan.py,operations/support script,,,"parse_args, select_validation_scenarios, evaluate_case, evaluate_requirements, selection_score, main","argparse, json, mpc_solarcar, numpy, pandas, pathlib, sys",,406,17005,af0105b00081538fedf40ce2d1578f84d951037f518af9ce9761004765dc6d1d
scripts/run_magnetic_coupler_mass_frontier.py,operations/support script,,,"summarize_dynamic_outcomes, feasibility_flags, feasibility_score, evaluate_full_pipeline, run_mass_case, main","dataclasses, json, mpc_solarcar, numpy, pandas, pathlib, sys",,356,14013,8628103d9bd27226dfee003ca6f7882da07ae4b45de5269c496b1b54303fb332
scripts/run_practical_magnetic_coupler_portfolio.py,operations/support script,,,"parse_args, slug_from_source, escape_tex, maybe_run_pdflatex, build_run_args, summarize_refined_result, write_campaign_report, main","argparse, json, pandas, pathlib, scripts.run_practical_magnetic_coupler_surrogate_search, subprocess, sys, types",,322,15769,0f23d004f316868ccb4a52d893ce66cec5378b6ff16b9c82dbe073e95b913c75
scripts/run_practical_magnetic_coupler_surrogate_search.py,operations/support script,,ExactRecord,"parse_args, maybe_run_pdflatex, escape_tex, load_source, shape_spectral_summary, static_priority_tuple, screening_score, magnetic_operational_proxy, record_priority_tuple, evaluate_exact, surrogate_predict, latent_signature, unique_top_records, summarize_bundle, dynamic_bundle_from_records, best_static_record, select_dynamic_candidates, run_search, refine_best_candidate, write_report, main, build_coarse_avoid_return_scenario","argparse, dataclasses, json, math, mpc_solarcar, numpy, pandas, pathlib, subprocess, sys",,1083,54215,d0e1f499abeb3598777fb723d58d35a2dc6d4f89a9815ecca7e5406697e883bc
scripts/run_solar_fullsim_cpu.sbatch,offline simulation tool,,,,,,0,712,e2f14e6770b0aa92955b90a8bfb00f61cda3235cf32d060734a35a267cbaadc2
scripts/run_solar_gpu_acceptance_pipeline.sbatch,operations/support script,,,,,,0,6971,5ee61fb9a902fc5781f5e95647c842c4744aa9e148b026aaf2d7f93ad5b96b53
scripts/run_solar_gpu_concurrent_campaign.sbatch,operations/support script,,,,,,0,13831,5a777d26dd9fe484aa6d73064b54f56e7138803ebfe61d47ab5f06ca0b3d8b50
scripts/run_solar_mesh_convergence_cpu.sbatch,operations/support script,,,,,,0,1001,184019b56875d4cb6de79bed9b1d9ebf0b542a645cf22166f22ae9031ed50dfa
scripts/run_solar_upper_gpu_search.sbatch,operations/support script,,,,,,0,2808,b0a5e5540649614fb9ba6a123c4dbe888c86140a3c0df67af5e9f4ea40b5f979
scripts/run_structured_root_redesign_search.py,operations/support script,,StructuredCaseResult,"parse_args, parse_case, bounded_logit, harmonic_angle_offsets, harmonic_radius_profile, harmonic_tilt_profile, structured_latent_dimension, select_dynamic_scenarios, build_structured_design_from_latent, structured_shape_regularization, literature_informed_search_score, optimize_structured_case, plot_case_history, build_report, build_pdf, main","argparse, dataclasses, json, math, matplotlib, matplotlib.pyplot, mpc_solarcar, numpy, pandas, pathlib, subprocess, sys",,676,31905,d1c482f9b5653cf11ba2b4055fee92e6dc2d2c88419a05b235d87cc3d1a534d0
scripts/run_upper_mesh_convergence.py,operations/support script,Run fixed-policy integration and independent-policy control convergence gates.,,"parse_float_list, parse_control_policies, assign_finest_control_policy, file_sha256, resolve, load_plan, speed_rms_difference, materialize_profile, main","__future__, argparse, hashlib, json, math, numpy, pandas, pathlib, subprocess, sys, yaml",,307,13260,dab0b0a8e2dd02ceb7bb4965889b892f9ae60793868e34c62f413c665192f552
scripts/run_vehicle_identification.py,vehicle identification tool,,,"neutralize_identification_scalars, resolve_relative, stage, load_manifest, relpath_from, tex_path_fragment, tex_text_fragment, load_yaml_if_exists, declared_control_stop_km, _terminal_anchor_from_payload, _append_reason_column, resolve_manifest_context, hampel_mask, apply_sensor_quality_annotations, polarization_current_trace, fit_battery_polarization, apply_battery_polarization, resolve_fit_plan, resolve_identification_output_layout, identification_profile_output_path, load_ocv_df, build_source_map_assets, apply_actual_event_annotations, truncate_at_retire_event, normalize_generic_log, build_terminal_anchor, terminal_metrics, replay_day_metrics, identification_selection_score, condition_vehicle_fit_on_measured_pv, calibrate_solar_measurement_to_pack, _shift_acceleration_within_segments, _acceleration_trace_from_speed, _bilinear_interp_array, _map_efficiency_array, _motion_predictions_for_acceleration, fit_acceleration_timestamp_alignment, _grade_from_smoothed_elevation, fit_grade_observation_alignment, pv_leave_one_day_out_validation, add_end_to_end_metrics, add_battery_conditional_metrics, write_replay_csv, apply_fit_to_cfg, update_profile, update_profile_artifact_references, write_terminal_consistency_from_anchor, sync_canonical_fullsim_profile, write_generic_summary, write_generic_report, main","__future__, argparse, audit_identification_residuals, build_bwsc2025_fitted_package, json, math, numpy, os, pandas, pathlib, re, scipy.optimize, scipy.signal, sys, textwrap, typing, yaml",,3846,171725,beea09d61241299016d808d93b3ce656b2bccebb2d44dade39cebff6710f289a
scripts/run_vehicle_identification_cpu.sbatch,vehicle identification tool,,,,,,0,4303,a43b48309c5ba94e02cd9e0253712f311117c95edfca16df532e2ee49c164842
scripts/setup_can.sh,operations/support script,,,,,,0,569,5263029ec32c301f0caefa0fa8247fe2e6546e4fff0348d185095efc309c6cd4
scripts/setup_gpu_server_env.sh,operations/support script,,,,,,0,1097,a9bc90d99b3207618d19084f5741ad173201f2543a6cd90ae4c52c32984bf781
scripts/solar_control.sh,operations/support script,,,,,,0,6845,3a3beda8fd115e6a5f5ce0974d68273fb14f341f19bd1ad72a72fcad44d5ebca
scripts/solar_sim.py,offline simulation tool,,DetailCsvStream,"load_yaml, sim_log, select_optimized_vector, limit_step_duration_to_distance, terminal_soc_predictions, advance_rate_limiter_to_distance_boundary, snap_execution_stop_speed_kmh, choose_integration_step_seconds, write_model_snapshot, get_workspace_revision, timestamp_ns, load_stops, load_profile, forecast_distance_column, load_forecast_dataframe, merge_forecast_dataframes, build_forecast_grid_payload, interp_forecast_grid, load_progress_reference_dataframe, ensure_parent_dir, _deep_copy_cfg, _set_nested, apply_overrides, build_config_tag, tag_output_path, apply_profile_cfg_to_args, apply_profile_defaults, resolve_config_path, evaluate_model_validation_gate, get_profile_val, parse_utc_arg, resolve_forecast_mode, forecast_row_index, format_metric, decimate_xy, build_svg_chart, flatten_params_for_report, write_simulation_report, mpc_solve, soc_guard_speed, soc_day_guard_speed, main","argparse, collections, copy, csv, datetime, gzip, hashlib, html, json, math, mpc_solarcar.model, mpc_solarcar.route_utils, mpc_solarcar.schedule_utils, mpc_solarcar.signal_utils, mpc_solarcar.solar_profile, mpc_solarcar.upper_cost, mpc_solarcar.upper_horizon, mpc_solarcar.upper_solver, numpy, os, pandas, pathlib, subprocess, sys, time, traceback, yaml, zoneinfo",,3903,185801,4debb4ae049ea166a31f8d82e65a78c2aea9785be3be132e580d84b718a12aea
scripts/submit_solar_gpu_multifidelity_campaign.sh,operations/support script,,,,,,0,7687,dcd548c5350bc53f90912f5be79bf59ca42cff531747584d5225c1549b1e2227
scripts/sweep_magnetic_coupler_exact_phase_scale.py,operations/support script,Sweep rigid outer-ring phase and radial scale with the exact cylinder model.,,"parse_args, rotate_points, make_variant, row_priority, main","__future__, argparse, dataclasses, json, math, mpc_solarcar, numpy, pandas, pathlib, scripts.reevaluate_fourier_gpu_candidates, sys, time",,149,6474,1dce418feabe96af2a046b652481d89155ed2ccf68fe7c2c2df4e76837c6d104
scripts/sweep_magnetic_coupler_exact_spacing_repair.py,operations/support script,Repair same-ring magnet spacing and re-evaluate with exact cylinders.,,"parse_args, regularize_sites, variant, priority, main","__future__, argparse, dataclasses, json, math, mpc_solarcar, numpy, pandas, pathlib, scripts.reevaluate_fourier_gpu_candidates, sys, time",,147,6469,715d6e1a54b7741d52fad817bfa0eadfc1899b4f6efb1c2f7d104dde6f3a72f0
scripts/tune_upper_planner_weights.py,offline self-learning tool,,"TermSpec, ScenarioSpec","read_yaml, write_yaml, ensure_dir, log_trial_to_tensorboard, repo_relative, failed_scenario_result, compile_tex, latex_escape, format_override_value, canonical_runtime_weights, set_nested_value, speed_series, upper_cost_specs, vector_to_weights, mirror_legacy_weights, build_reference_free_profile, default_scenarios, run_single_scenario, evaluate_simulation, aggregate_candidate, run_candidate, save_trial_checkpoint, csv_row_count, summarize_path, dataframe_to_markdown, flatten_scalars, build_current_asset_manifests, render_report, main","__future__, argparse, dataclasses, datetime, json, math, matplotlib, matplotlib.pyplot, mpc_solarcar.schedule_utils, mpc_solarcar.upper_cost, numpy, os, pandas, pathlib, shutil, subprocess, sys, textwrap, typing, yaml",,1751,78909,4e485eadf4023a28e859311f3c1c591994c5ed2b4f96343fa2db206663a5182b
scripts/validate_gpu_upper_policy_candidates.py,operations/support script,Replay every GPU policy in the exact 1 Hz simulator and select the fastest feasible one.,,"resolve_result_path, resolve_profile_asset, evaluate_event_timing, exact_replay_signature, inspect_prediction_mesh, prediction_execution_soc_errors, main","__future__, argparse, json, math, pandas, pathlib, shutil, subprocess, sys, yaml",,438,18989,787f59132970c77edd1a93a562bcf4bb5c4c43ad89f2a0c872dabbfef1f33039
scripts/watch_magnetic_coupler_campaign.py,operations/support script,Persist live progress for long-running magnetic-coupler searches.,,"read_json, process_alive, write_json, main","argparse, json, os, pathlib, subprocess, time",,88,3103,fc6d5539969a639ebc0bb6627712a5c25a6c71349f73ed833386d19179361e97
scripts/wifi_chase_sender_example.py,operations/support script,,,main,"argparse, json, socket, time",,40,1013,ab6946a3962adf2698c2bdbeab1e7a0cc65dceb0e43a997532695f475a2147e9
scripts/wifi_planner_receiver_example.py,operations/support script,,,main,"argparse, json, socket",,30,811,12b34f7b1155a33280654aa1e122d625fb290e57da620c097b74a785184f33aa
scripts/wifi_vehicle_sender_example.py,operations/support script,,,main,"argparse, json, socket, time",,43,1164,2feb55cc635961280efa7f9c1b5147cbdeaa79af0fc33f1d7906c2174e427cd9
scripts/write_magnetic_coupler_finite_stage_report.py,documentation/report generator,Write a concise reproducible report for the finite-magnet GPU stage.,,"parse_args, read_json, best_candidate, plot_convergence, plot_design, metric_lines, main","__future__, argparse, json, math, matplotlib, matplotlib.pyplot, numpy, pandas, pathlib",,193,10649,85d2a2b66762e9114c639d419be8fddb098ead73746c68f316cce49be4765298
scripts/write_magnetic_coupler_transport_expanded_report.py,documentation/report generator,Build the reproducible report for the expanded transport-capacity campaign.,,"parse_args, read_json, candidate_rows, plot_search, plot_design, plot_exact_design, value, main","__future__, argparse, json, math, matplotlib, matplotlib.pyplot, numpy, pandas, pathlib",,372,20510,b196e78cfd39ab5d306eeab927abc0250725662b71d7dab8ff9257078bc3ec31
config/solar/bwsc_2027_demo.yaml,configuration/template,meta:,,,,,263,8097,05666ba32a1ee420b0396d09f708ee4fd22ca6ffff92e6362ba6061031a32e02
templates/aux_load_profile_template.csv,configuration/template,"time_utc,P_aux_W",,,,,3,42,a90f1ceed8ba34f5291e2033d37911dff30f3cb83db3e139cfb1bbf1314d3292
templates/battery_thermal_template.yaml,configuration/template,battery_thermal:,,,,,7,154,9f539f24a992f615b6009c5187a569334efddeedec96db27c7b22d992bf6cecd
templates/drive_eff_map_template.csv,configuration/template,",0,10,20,30,40,50,60",,,,,9,236,7a0f2240457a42a70d7b82666a0228464f2200601d31a8f597021b5080422a17
templates/drive_schedule_template.yaml,configuration/template,deny_by_default: true,,,,,9,178,5ee5f352a9d1a007890bb09fd0f0a13964da9f6dd3a7d3e4a6da7e1ac5184f79
templates/identification/actual_event_annotations_template.yaml,configuration/template,events:,,,,,14,356,6b29e585980103da813c6723ca82acab7a98d08fab8388c81155992b75a0ae49
templates/identification/battery_pulse_template.csv,configuration/template,"time_utc,current_a,voltage_v,temp_c,soc_note",,,,,3,80,ddf493bf03d24357b9c086fc12bfe6f89efb09350dadf70680e7e4a570c10a3f
templates/identification/battery_rest_template.csv,configuration/template,"time_utc,rest_voltage_v,temp_c,rest_duration_sec,soc_note",,,,,3,93,069ebd4680b0a9c344e650f52d87142407e1e25957aeeab9160939b2063c7524
templates/identification/bom_hourly_solar_route_template.csv,configuration/template,"source_time_utc,s_km,lat,lon,hourly_exposure_mj_m2,quality_flag",,,,,6,330,3b4de04fdfc98fbb7ebe7af20ffaad189a454734440379858d6ff028893668e1
templates/identification/counterfactual_no_trouble_template.yaml,configuration/template,scenario:,,,,,12,465,34eaad8355fd1655b0072287fec30116edf4dca587b0f0e97ddc8b4b607f2ddc
templates/identification/drive_timeseries_template.csv,configuration/template,"time_utc,speed_kmh,batt_voltage_v,batt_current_a,slope_pct,G_poa,Tamb_C,Tcell_C,headwind_ms,soc,batt_temp_c,accel_kmhps,throttle_pct",,,,,3,214,0a117baece04d1c56d88b83a57a076d0e8c0fc0c1041729ee89067c55def6076
templates/identification/evidence_notes_template.md,configuration/template,Evidence Notes,,,,,16,550,2cf67cec1f2db4e7b8e3ee6faa695f269931b324d5ae2e8827b5d1b93afeb3c9
templates/identification/gps_track_template.csv,configuration/template,"time_utc,lat,lon,alt_m,speed_kmh",,,,,3,70,1854b36905105ed68870f5fb468c11e047a122efdc09f62fbb1d7a5b346ed652
templates/identification/grounded_map_sources_template.yaml,configuration/template,maps:,,,,,28,1014,beb34f63f61554c51bc043ba3c801f1a0f702262f6123d19c719e897a2ca4aba
templates/identification/observed_replay_log_template.csv,configuration/template,"time_utc,s_km,speed_kmh,slope_pct,route_heading_deg,headwind_archive_ms,GHI_archive,Tamb_archive_C,solar_power_w_obs,battery_power_w_obs,battery_current_a,battery_voltage_v,dt_sec,lat,lon,exclude_power_fit,exclude_voltage_fit,exclude_weathe",,,,,3,352,c27f3f17b7027a53ac3b8943603ce21c81ea409e25d67ffa8024491e991866c3
templates/identification/panel_sweep_template.csv,configuration/template,"time_utc,ghi_wm2,tcell_c,panel_power_w,mppt_output_w,vehicle_speed_kmh",,,,,3,113,21fab2c567f12a4d15da9e64eb99b6bb75fe3bf70dae92d406c9bf9606462938
templates/identification/source_map_catalog_template.csv,configuration/template,"asset_name,path_or_note,source_type,status,notes",,,,,7,360,5ccc5d82cfb4fdf2bf580fdfb806629d2567571e2282519d07ecef4d965e9ceb
templates/identification/terminal_anchor_template.yaml,configuration/template,terminal_anchor:,,,,,10,206,9245dbc648b0a9174fad280da40f196be3550912363e5420415afd8aa8acd891
templates/identification_manifest_template.yaml,configuration/template,builder: generic_replay_mle,,,,,51,2334,f7006e7536880a31cdb98dcac5be36de7f6eedf7c62f117e021ea3c98c063a3a
templates/motor_tau_limit_template.csv,configuration/template,"v_ms,tau_max_nm",,,,,6,50,3ef029c5d3ed63b6ce20b749afe0c9052e098d18c199f204983fe6ddeeb53cdd
templates/mppt_eff_map_template.csv,configuration/template,",0,25,50,75",,,,,8,155,8b393a64a85c55c4772054f4aac5d2051950bc29ecf12de17c123f261ca4a8e8
templates/network/esp32_planner_receiver_example.ino,configuration/template,,,,,,0,1650,99d5e6321f103330444ff30a8d9182bbfb921829fc91fd5fa69f4db4ab08f2b0
templates/ocv_soc_curve_template.csv,configuration/template,"soc,ocv_v",,,,,7,50,423be6738965122d812cde8aee8435ffd61ee633631ebe88d4175d98bef0a027
templates/panel_eff_map_template.csv,configuration/template,",0,25,50,75",,,,,8,155,e333071320680bdc8661f6cad4309c387f4f751380c67fdb4092ebf4d29aef4c
templates/regen_eff_map_template.csv,configuration/template,",0,10,20,30,40,50,60",,,,,9,334,669120b39eb79a0fd6c6e497f76a4c1f802921e0e5021e97ab6eb317a3044d2b
templates/rint_map_template.csv,configuration/template,",0.1,0.3,0.5,0.7,0.9",,,,,6,132,3b489cedacc9267a1be7a5d614ca6ea1fb9dd746c32a5a87d4bf1c142f3d702e
templates/route_profile_template.csv,configuration/template,"dist_km,elev_m,slope_pct,headwind_ms",,,,,4,73,b2f7911deb767186d66e88f2ea9d88f4628edbaf7555182d83ec98e6f1bf41d5
templates/solar_params_template.yaml,configuration/template,model:,,,,,62,1241,015ad3a66494f196d8cde8236535fd5e5a07bc50fe83248896a3d79a3c02f1a1
templates/speed_profile_template.csv,configuration/template,"dist_km,v_max_kmh",,,,,4,41,1a31ff360da1e5e11c8d294199abcd0ab25bef998c9c8e4c1459d5d33ca8acfd
dashboard/app.js,dashboard asset,const els = {,,,,,219,7930,0dfca0644ac78170ca034b09122fb254bca9a8fc140c43e4ce0ff037479ab637
dashboard/index.html,dashboard asset,<!doctype html>,,,,,151,5375,74904f2f732348762f5a4efd6b669b90776f38403f131d560369303f8d26f673
dashboard/style.css,dashboard asset,@import url('https://fonts.googleapis.com/css2?family=Oxanium:wght@400;600;700&family=Space+Grotesk:wght@400;600&display=swap');,,,,,341,7314,164c2e4d1008cb854ca3c0f3822def6d452688cee767c32cc68a5c5f441780a8
