file,qualified_name,start_line,end_line,signature,calls,attributes_read,attributes_written
launch/solar_race_live.launch.py,_setup,10,13,def _setup(context),LaunchConfiguration | build_live_nodes | load_profile | perform,,
launch/solar_race_live.launch.py,generate_launch_description,16,22,def generate_launch_description(),DeclareLaunchArgument | LaunchDescription | OpaqueFunction,,
launch/solar_race_live_wifi.launch.py,_setup,12,59,def _setup(context),LaunchConfiguration | Node | bool | build_live_nodes | float | get_section | live_cfg.get | live_forecast_paths | load_profile | model_cfg.get | nodes.append | perform | str | wifi_cfg.get | wifi_cfg.items | wind_cfg.get | wind_cfg.items,,
launch/solar_race_live_wifi.launch.py,generate_launch_description,62,68,def generate_launch_description(),DeclareLaunchArgument | LaunchDescription | OpaqueFunction,,
mpc_solarcar/live_launch.py,cfg_path,11,12,"def cfg_path(profile_path, raw: str) -> str",resolve_relative_path | str | strip,,
mpc_solarcar/live_launch.py,_drop_keys,15,17,"def _drop_keys(payload: dict, *keys: str) -> dict",items | set,,
mpc_solarcar/live_launch.py,live_forecast_paths,20,36,"def live_forecast_paths(profile_path, cfg)",Path | cfg_path | exists | get_path | get_section | shutil.copy2 | str | target.exists | target.parent.mkdir | weather_cfg.get | wind_cfg.get,,
mpc_solarcar/live_launch.py,build_live_nodes,39,175,"def build_live_nodes(profile_path, cfg, *, use_wifi: bool)",Node | _drop_keys | autocal_cfg.get | bool | cfg_path | command_cfg.get | float | get | get_path | get_section | int | live_cfg.get | live_forecast_paths | live_logging_cfg.get | logging_cfg.get | nodes.append | runtime_cfg.get | str | weather_cfg.get | wind_cfg.get,,
mpc_solarcar/solar_profile.py,require_csv_data_rows,14,34,"require_csv_data_rows(path, *, label, required_columns)",FileNotFoundError | Path | ValueError | csv.DictReader | expanduser | next | resolve | resolved.is_file | resolved.open | tuple,,
mpc_solarcar/solar_profile.py,_resolve_profile_path,37,48,def _resolve_profile_path(path_like: str | Path) -> Path,Path | Path.cwd | candidate.exists | expanduser | raw.is_absolute | raw.resolve | resolve | str | strip,,
mpc_solarcar/solar_profile.py,resolve_relative_path,51,65,"def resolve_relative_path(base_dir: str | Path, path_like: str | Path) -> str",Path | candidate.exists | expanduser | path.is_absolute | path.resolve | repo_candidate.exists | resolve | str | strip,,
mpc_solarcar/solar_profile.py,load_profile,68,74,"def load_profile(path_like: str | Path) -> tuple[Path, dict]",ValueError | _resolve_profile_path | isinstance | profile_path.open | yaml.safe_load,,
mpc_solarcar/solar_profile.py,merged_dict,77,90,def merged_dict(*payloads: dict | None) -> dict,_merge | copy.deepcopy | dst.get | isinstance | items,,
mpc_solarcar/solar_profile.py,get_section,93,105,"def get_section(cfg: dict, key: str, default: Any = None) -> Any",copy.deepcopy | current.get | isinstance | split | str,,
mpc_solarcar/solar_profile.py,get_path,108,118,"def get_path(cfg: dict, profile_path: str | Path, key: str, default: str = """") -> str",Path | cfg.get | get_section | isinstance | paths_cfg.get | resolve | resolve_relative_path | str | strip,,
mpc_solarcar/path_utils.py,resolve_path,14,37,"def resolve_path(path: str, default_subdir: str = '') -> str",default_subdir.strip | get_package_share_directory | os.fspath | os.path.exists | os.path.expanduser | os.path.isabs | os.path.join | path.startswith | str,,
mpc_solarcar/mpc_node.py,MPCNode.__init__,40,49,def __init__(self),MutuallyExclusiveCallbackGroup | __init__ | self._init_solar | super,_init_solar,command_callback_group | lower_callback_group | params_cfg | telemetry_callback_group | upper_callback_group
mpc_solarcar/mpc_node.py,MPCNode._load_stops,52,60,"def _load_stops(self, stop_yaml: str)",info | len | open | self.get_logger | y.get | yaml.safe_load,get_logger,stops
mpc_solarcar/mpc_node.py,MPCNode._load_forecast_file,62,86,"def _load_forecast_file(self, path: str)",all | build_forecast_grid_payload | drop_duplicates | dropna | dt.tz_convert | getattr | isna | pd.Index | pd.read_csv | pd.to_datetime | self.get_logger | sort_values | str | t.dt.tz_convert | t.dt.tz_localize | tzname.upper | warn,get_logger,df | forecast_grid | forecast_times
mpc_solarcar/mpc_node.py,MPCNode._apply_params_yaml,88,156,"def _apply_params_yaml(self, path: str)",Parameter | cfg.get | dict | float | hasattr | info | isinstance | len | model_cfg.items | motor_type.lower | mpc_cfg.items | mpc_cfg.update | open | params.append | resolve_path | runtime_section.get | self.get_logger | self.get_parameter | self.has_parameter | self.model.load_ocv_map | self.set_parameters | setattr | str | strip | warn | yaml.safe_load,get_logger | get_parameter | has_parameter | model | set_parameters,params_cfg
mpc_solarcar/mpc_node.py,MPCNode._maybe_reload_forecast,158,176,def _maybe_reload_forecast(self),info | os.path.getmtime | self._load_forecast_file | self.get_logger | time.monotonic | warn,_load_forecast_file | forecast_path | forecast_reload_sec | get_logger,forecast_mtime | forecast_reloaded | last_forecast_check
mpc_solarcar/mpc_node.py,MPCNode._on_s_km_solar,178,192,"def _on_s_km_solar(self, msg: Float32)",bool | finite_float | float | math.isfinite | now | self.distance_meas_filter.update | self.get_clock | self.get_parameter,distance_meas_filter | distance_meas_max_backtrack_km | get_clock | get_parameter,s_km | s_meas | s_meas_time
mpc_solarcar/mpc_node.py,MPCNode._on_speed_solar,194,200,"def _on_speed_solar(self, msg: Float32)",float | now | self.get_clock | self.speed_meas_filter.update,get_clock | speed_meas_filter,v_meas_time | v_now
mpc_solarcar/mpc_node.py,MPCNode._on_soc_solar,202,209,"def _on_soc_solar(self, msg: Float32)",float | now | np.clip | self.get_clock | self.soc_meas_filter.update,get_clock | model | soc_meas_filter,soc_meas_time | solar_soc_meas | z
mpc_solarcar/mpc_node.py,MPCNode._on_tb_solar,211,218,"def _on_tb_solar(self, msg: Float32)",float | now | np.clip | self.get_clock | self.tb_meas_filter.update,get_clock | model | tb_meas_filter,Tb | solar_tb_meas | tb_meas_time
mpc_solarcar/mpc_node.py,MPCNode._on_i_solar,220,226,"def _on_i_solar(self, msg: Float32)",float | now | self.current_meas_filter.update | self.get_clock,current_meas_filter | get_clock,current_meas_time | solar_i_meas
mpc_solarcar/mpc_node.py,MPCNode._on_v_solar,228,234,"def _on_v_solar(self, msg: Float32)",float | now | self.get_clock | self.voltage_meas_filter.update,get_clock | voltage_meas_filter,solar_v_meas | voltage_meas_time
mpc_solarcar/mpc_node.py,MPCNode._measured_distance_km,236,240,def _measured_distance_km(self) -> float,finite_float | fresh_enough | now | self.get_clock,distance_meas_timeout_sec | get_clock | s_meas | s_meas_time,
mpc_solarcar/mpc_node.py,MPCNode._sync_measured_state,242,254,def _sync_measured_state(self) -> None,bool | float | fresh_enough | math.isfinite | now | np.clip | self._measured_distance_km | self.get_clock | self.get_parameter,_measured_distance_km | battery_meas_timeout_sec | get_clock | get_parameter | model | soc_meas_time | solar_soc_meas | solar_tb_meas | speed_meas_timeout_sec | tb_meas_time | v_meas_time,Tb | s_km | v_now | z
mpc_solarcar/mpc_node.py,MPCNode._on_calib_solar_gain,256,260,"def _on_calib_solar_gain(self, msg: Float32)",float | np.clip,,solar_gain
mpc_solarcar/mpc_node.py,MPCNode._on_calib_drive_power_gain,262,268,"def _on_calib_drive_power_gain(self, msg: Float32)",float | max | np.clip,base_drive_eff_scale | base_regen_eff_scale | model,
mpc_solarcar/mpc_node.py,MPCNode._on_calib_aux_power,270,274,"def _on_calib_aux_power(self, msg: Float32)",float | max,model,
mpc_solarcar/mpc_node.py,MPCNode._init_solar,277,749,def _init_solar(self),BatteryMHE | DriveSchedule.from_yaml | Params | RobustScalarFilter | SolarCarModel | abs | astimezone | bool | datetime.fromisoformat | datetime.now | float | getattr | info | int | isinstance | len | load_upper_cost_config | load_upper_policy_csv | lower | max | np.clip | os.path.getmtime | pd.read_csv | resolve_path | self._apply_params_yaml | self._load_forecast_file | self._load_stops | self.create_publisher | self.create_subscription | self.create_timer | self.declare_parameter | self.get_logger | self.get_parameter | self.params_cfg.get | set | start_time_utc.endswith | str | strip | time.monotonic | warn,_apply_params_yaml | _load_forecast_file | _load_stops | _on_calib_aux_power | _on_calib_drive_power_gain | _on_calib_solar_gain | _on_i_solar | _on_s_km_solar | _on_soc_solar | _on_speed_solar | _on_tb_solar | _on_v_solar | _publish_lower_command_cycle | _step_lower | _step_solar | command_callback_group | create_publisher | create_subscription | create_timer | declare_parameter | get_logger | get_parameter | lower_callback_group | params_cfg | telemetry_callback_group | upper_callback_group,Np | Tb | _forecast_warned_out_of_range | _lower_solve_logged | _lower_upper_busy_logged | _upper_solve_in_progress | _upper_solve_logged | _warned_lower_rate | active_control_stop_index | base_drive_eff_scale | base_regen_eff_scale | battery_meas_timeout_sec | completed_control_stops | control_stop_end_monotonic | control_stop_hold | control_stop_position_initialized | control_stop_tilt_fraction | current_forecast_time_utc | current_meas_filter | current_meas_time | distance_meas_filter | distance_meas_max_backtrack_km | distance_meas_timeout_sec | drive_schedule | dt | forecast_mtime | forecast_path | forecast_relative_wall_start | forecast_reload_sec | forecast_reloaded | forecast_start_time | forecast_time_mode | forecast_time_offset | forecast_time_tz | hierarchical | initial_upper_policy | k | last_bin | last_data | last_forecast_check | last_lower_solve_ok | last_plan_time | last_upper_solve_ok | lower_N | lower_dt | lower_last_mode | lower_last_u | lower_last_v_pred | lower_max_iter | lower_maxfun | lower_rate_hz | lower_skip_optimization_during_upper_solve | mhe | model | model_prev_speed_ms | plan_dt_sec | plan_start_monotonic | poa_gain_drive | poa_gain_stop | pub_drive_mode | pub_env | pub_lower_plan | pub_metrics | pub_path | pub_plan | pub_speed | pub_status | pub_throttle | pub_upper_speed | race_km | replan_on_forecast_reload | route_profile | s_km | s_meas | s_meas_time | soc_band | soc_day_end_max | soc_day_end_target | soc_finish_target | soc_finish_tol | soc_meas_filter | soc_meas_time | soc_target | solar_gain | solar_i_meas | solar_soc_meas | solar_tb_meas | solar_v_meas | speed_meas_filter | speed_meas_timeout_sec | speed_profile | stop_tilt_fraction | tb_meas_filter | tb_meas_time | throttle_rate_limit | timer | timer_command | timer_lower | upper_adaptive_growth | upper_adaptive_max_ds_km | upper_adaptive_min_ds_km | upper_cost_cfg | upper_ctrl_km | upper_day_end_soc_min | upper_ds_km | upper_horizon_km | upper_horizon_mode | upper_max_iter | upper_max_steps | upper_mode | upper_plan_ctrl_s | upper_plan_id | upper_plan_mode | upper_plan_s_km | upper_plan_seq | upper_plan_time | upper_replan_km | upper_replan_sec | upper_vmin_kmh | v_cmd | v_lower_cmd | v_meas_time | v_now | v_plan_kmh | v_plan_segments | v_upper_cmd | voltage_meas_filter | voltage_meas_time | w_soc_band | w_soc_day_max | w_soc_progress | w_soc_target | w_soc_terminal | w_throttle | w_track | z
mpc_solarcar/mpc_node.py,MPCNode._current_bin_index,751,799,def _current_bin_index(self) -> int,datetime.now | getattr | int | len | lower | max | np.clip | np.datetime64 | np.searchsorted | self.get_logger | str | timedelta | to_pydatetime | total_seconds | warn,df | dt | forecast_relative_wall_start | forecast_start_time | forecast_time_mode | forecast_time_offset | forecast_times | get_logger | k,_forecast_warned_out_of_range | current_forecast_time_utc
mpc_solarcar/mpc_node.py,MPCNode._horizon_data,801,841,"def _horizon_data(self, k0: int)",bool | data.append | float | getattr | int | len | lower | max | min | np.clip | np.datetime64 | np.isfinite | np.searchsorted | range | row.get | self._forecast_at_time | self.drive_schedule.speed_limits | self.get_parameter | str | timedelta | to_pydatetime | total_seconds,Np | _forecast_at_time | current_forecast_time_utc | df | drive_schedule | dt | forecast_start_time | forecast_time_mode | forecast_times | get_parameter | s_km | s_meas | v_upper_cmd,
mpc_solarcar/mpc_node.py,MPCNode._forecast_at_time,843,917,"_forecast_at_time(self, t_utc, s_km, drive, control_stop)",all | dict | float | getattr | int | interp_forecast_grid | isna | len | max | np.clip | np.datetime64 | np.searchsorted | row.get | self._route_value | total_seconds,_route_value | control_stop_tilt_fraction | df | dt | forecast_grid | forecast_start_time | poa_gain_drive | poa_gain_stop | solar_gain | stop_tilt_fraction,
mpc_solarcar/mpc_node.py,MPCNode._sample_plan_segments,919,928,"def _sample_plan_segments(self, dt_sample: float)",float | int | math.ceil | max | samples.extend,v_plan_segments,
mpc_solarcar/mpc_node.py,MPCNode._route_value,930,939,"def _route_value(self, s_km: float, field: str, default: float) -> float",float | interpolate_profile | np.isfinite,route_profile,
mpc_solarcar/mpc_node.py,MPCNode._route_average,941,948,"def _route_average(self, s0_km: float, s1_km: float, field: str, default: float) -> float",average_profile | float | np.isfinite,route_profile,
mpc_solarcar/mpc_node.py,MPCNode._speed_limit_at,950,956,"def _speed_limit_at(self, s_km: float, default_kmh: float) -> float",float | interpolate_profile,speed_profile,
mpc_solarcar/mpc_node.py,MPCNode._soc_guard_speed,958,1014,"def _soc_guard_speed(self, v_kmh: float, s_km: float, d0: dict) -> float",d0.get | float | lower | max | range | self._route_value | self.get_parameter | self.model.electrical_balance | self.model.soc_step | str | z_next_for,Tb | _route_value | get_parameter | model | route_profile | z,
mpc_solarcar/mpc_node.py,MPCNode._control_stop_catalog,1016,1034,def _control_stop_catalog(self),catalog.append | enumerate | float | int | lower | max | sorted | stop.get | str | strip,stops,
mpc_solarcar/mpc_node.py,MPCNode._update_live_control_stop_hold,1036,1084,"def _update_live_control_stop_hold(self, s_km: float, v_kmh: float) -> bool",float | getattr | info | int | max | self._control_stop_catalog | self.completed_control_stops.add | self.get_logger | self.get_parameter | time.monotonic,_control_stop_catalog | completed_control_stops | get_logger | get_parameter,active_control_stop_index | control_stop_end_monotonic | control_stop_position_initialized
mpc_solarcar/mpc_node.py,MPCNode._dwell_penalty,1086,1096,"def _dwell_penalty(self, s_km: float, v_ms: float) -> float",abs | float | max | self.get_parameter | st.get,get_parameter | stops,
mpc_solarcar/mpc_node.py,MPCNode._mpc_solve_solar,1098,1260,"def _mpc_solve_solar(self, data)",abs | bool | d.get | dict | float | len | list | max | min | minimize | np.all | np.array | np.clip | np.isfinite | np.ones | np.zeros | quad_penalty | range | self._dwell_penalty | self._route_value | self._speed_limit_at | self.drive_schedule.is_drive_time | self.drive_schedule.speed_limits | self.get_logger | self.get_parameter | self.model.electrical_balance | self.model.scheduled_auxiliary_power | self.model.soc_step | timedelta | warn | zip,Tb | _dwell_penalty | _route_value | _speed_limit_at | drive_schedule | get_logger | get_parameter | model | race_km | route_profile | s_km | s_meas | soc_band | soc_day_end_max | soc_finish_target | soc_finish_tol | soc_target | upper_vmin_kmh | v_cmd | v_now | w_soc_band | w_soc_day_max | w_soc_progress | w_soc_target | w_soc_terminal | z,last_upper_solve_ok
mpc_solarcar/mpc_node.py,MPCNode._mpc_solve_solar_distance,1262,1778,"def _mpc_solve_solar_distance(self, t0_utc: datetime, s0_km: float, x0=None)",abs | apply_control_stop_at | bool | build_balance_seed | build_upper_distance_horizon | ctrl_s.copy | enumerate | env.get | env_leg.get | expand_ctrl | float | forces.get | getattr | hybrid_bounded_minimize | int | integrate_stationary_duration | interpolate_upper_policy | len | lower | max | min | np.array | np.asarray | np.clip | np.concatenate | np.cumsum | np.diff | np.full | np.interp | np.isfinite | np.linspace | np.maximum | np.round | np.searchsorted | np.sum | out.get | quad_penalty | range | round | segments.append | self._control_stop_catalog | self._forecast_at_time | self._route_average | self._route_value | self._speed_limit_at | self.drive_schedule.current_drive_window | self.drive_schedule.is_drive_time | self.drive_schedule.next_drive_start | self.drive_schedule.speed_limits | self.get_logger | self.get_parameter | self.model.electrical_balance | self.model.resistive_forces | self.model.scheduled_auxiliary_power | self.model.soc_step | set | solve_info.get | sorted | step_wait | str | strip | timedelta | total_seconds | upper_stage_cost | upper_terminal_cost | warn,Tb | _control_stop_catalog | _forecast_at_time | _route_average | _route_value | _speed_limit_at | drive_schedule | get_logger | get_parameter | initial_upper_policy | model | race_km | soc_day_end_max | soc_day_end_target | soc_finish_target | soc_finish_tol | upper_adaptive_growth | upper_adaptive_max_ds_km | upper_adaptive_min_ds_km | upper_cost_cfg | upper_ctrl_km | upper_day_end_soc_min | upper_ds_km | upper_horizon_km | upper_horizon_mode | upper_max_iter | upper_max_steps | upper_vmin_kmh | v_cmd | v_now | z,last_upper_solve_ok | upper_plan_ctrl_s
mpc_solarcar/mpc_node.py,MPCNode._publish_upper_plan,1780,1785,def _publish_upper_plan(self),Float32MultiArray | float | self.pub_plan.publish,plan_dt_sec | pub_plan | v_plan_kmh,
mpc_solarcar/mpc_node.py,MPCNode._publish_lower_plan,1787,1792,"def _publish_lower_plan(self, v_seq_ms)",Float32MultiArray | float | self.pub_lower_plan.publish,lower_dt | pub_lower_plan,
mpc_solarcar/mpc_node.py,MPCNode._publish_plan_path,1794,1820,"def _publish_plan_path(self, data)",Path | PoseStamped | bool | float | len | now | np.isfinite | path.poses.append | self.get_clock | self.get_parameter | self.pub_path.publish | to_msg,get_clock | get_parameter | model | pub_path | s_km | s_meas | upper_plan_mode | v_plan_kmh | v_plan_segments | v_upper_cmd,
mpc_solarcar/mpc_node.py,MPCNode._publish_metrics,1822,1859,"def _publish_metrics(self, d0: dict, v_exec_kmh: float, s_for_profile: float)",Float32MultiArray | abs | d0.get | float | out.get | self._route_value | self.model.electrical_balance | self.pub_metrics.publish,Tb | _route_value | model | pub_metrics | route_profile | z,
mpc_solarcar/mpc_node.py,MPCNode._publish_summary,1861,1891,"def _publish_summary(self, _v_exec_kmh: float = math.nan) -> None",Float32MultiArray | all | bool | datetime.now | float | isna | len | lower | max | pd.notna | self.pub_status.publish | str | time.monotonic | timedelta | to_pydatetime | total_seconds,Tb | completed_control_stops | control_stop_end_monotonic | control_stop_hold | df | forecast_start_time | forecast_time_mode | forecast_time_offset | k | model | pub_status | s_km | z,
mpc_solarcar/mpc_node.py,MPCNode._interp_upper_speed,1893,1914,"def _interp_upper_speed(self, t_sec: float) -> float",float | int | len | math.floor,plan_dt_sec | upper_plan_mode | v_plan_kmh | v_plan_segments | v_upper_cmd,
mpc_solarcar/mpc_node.py,MPCNode._distance_plan_speed,1916,1920,"def _distance_plan_speed(self, s_km: float) -> float",float | plan_segment_index,v_plan_segments | v_upper_cmd,
mpc_solarcar/mpc_node.py,MPCNode._tau_max_for_mode,1922,1927,"def _tau_max_for_mode(self, maps, mode: str) -> float",float | max,,
mpc_solarcar/mpc_node.py,MPCNode._tau_limits,1929,1943,def _tau_limits(self),lower | self._tau_max_for_mode | str,_tau_max_for_mode | model,
mpc_solarcar/mpc_node.py,MPCNode._traction_force,1945,1950,"def _traction_force(self, tau_nm: float) -> float",float | int | max,model,
mpc_solarcar/mpc_node.py,MPCNode._pack_from_tau,1952,1974,"def _pack_from_tau(self, v_ms: float, tau_nm: float, z: float, Tb: float, env: dict)",dict | float | int | max | self.model.battery_iv | self.model.eff_drive | self.model.eff_regen | self.model.pv_power_mppt,model,
mpc_solarcar/mpc_node.py,MPCNode._build_lower_ref,1976,2001,"def _build_lower_ref(self, base_time_utc, s_km: float, d0: dict)",float | max | min | np.clip | range | ref.append | self._interp_upper_speed | self._soc_guard_speed | self._speed_limit_at | self.drive_schedule.speed_limits | self.get_parameter | time.monotonic | timedelta,_interp_upper_speed | _soc_guard_speed | _speed_limit_at | drive_schedule | get_parameter | lower_N | lower_dt | model | plan_start_monotonic | v_upper_cmd | z,
mpc_solarcar/mpc_node.py,MPCNode._lower_rollout,2003,2034,"_lower_rollout(self, v0_ms, u_seq, env, z0, Tb0, tau_drive, tau_regen)",env.get | float | max | self._pack_from_tau | self._traction_force | self.model.resistive_forces | self.model.soc_step | v_seq.append,_pack_from_tau | _traction_force | lower_dt | model,
mpc_solarcar/mpc_node.py,MPCNode._lower_mpc_solve,2036,2235,"def _lower_mpc_solve(self, v0_ms: float, s0_km: float, z0: float, Tb0: float, env: dict, v_ref_seq)",abs | bool | dict | env.get | float | info | int | len | max | min | minimize | np.all | np.array | np.asarray | np.clip | np.concatenate | np.isfinite | np.linspace | np.unique | np.zeros | range | seed.append | self._lower_rollout | self._pack_from_tau | self._tau_limits | self._traction_force | self.get_logger | self.get_parameter | self.model.resistive_forces | self.model.select_drive_mode | self.model.soc_step | warn,_lower_rollout | _pack_from_tau | _tau_limits | _traction_force | _upper_solve_in_progress | get_logger | get_parameter | lower_N | lower_dt | lower_last_u | lower_max_iter | lower_maxfun | lower_skip_optimization_during_upper_solve | model | throttle_rate_limit | w_throttle | w_track,_lower_upper_busy_logged | last_lower_solve_ok
mpc_solarcar/mpc_node.py,MPCNode._step_solar,2237,2493,def _step_solar(self),Float32 | Float32MultiArray | MheInput | MheMeas | bool | d0.get | datetime.now | float | fresh_enough | get | info | len | math.isfinite | max | now | np.clip | np.isfinite | self._current_bin_index | self._distance_plan_speed | self._forecast_at_time | self._horizon_data | self._interp_upper_speed | self._maybe_reload_forecast | self._measured_distance_km | self._mpc_solve_solar | self._mpc_solve_solar_distance | self._publish_metrics | self._publish_plan_path | self._publish_summary | self._publish_upper_plan | self._route_value | self._sample_plan_segments | self._soc_guard_speed | self._sync_measured_state | self._update_live_control_stop_hold | self.drive_schedule.is_drive_time | self.drive_schedule.speed_limits | self.get_clock | self.get_logger | self.get_parameter | self.mhe.estimate | self.mhe.push | self.model.electrical_balance | self.model.soc_step | self.pub_env.publish | self.pub_speed.publish | self.pub_upper_speed.publish | time.monotonic | total_seconds,_current_bin_index | _distance_plan_speed | _forecast_at_time | _horizon_data | _interp_upper_speed | _maybe_reload_forecast | _measured_distance_km | _mpc_solve_solar | _mpc_solve_solar_distance | _publish_metrics | _publish_plan_path | _publish_summary | _publish_upper_plan | _route_value | _sample_plan_segments | _soc_guard_speed | _sync_measured_state | _update_live_control_stop_hold | battery_meas_timeout_sec | current_meas_time | drive_schedule | get_clock | get_logger | get_parameter | hierarchical | mhe | model | pub_env | pub_speed | pub_upper_speed | replan_on_forecast_reload | route_profile | s_meas | soc_meas_time | solar_i_meas | solar_soc_meas | solar_tb_meas | solar_v_meas | tb_meas_time | timer_lower | upper_mode | upper_replan_km | upper_replan_sec | v_lower_cmd | v_now | voltage_meas_time,Tb | _upper_solve_in_progress | _upper_solve_logged | control_stop_hold | forecast_reloaded | k | last_bin | last_data | last_plan_time | model_prev_speed_ms | plan_dt_sec | plan_start_monotonic | s_km | upper_plan_id | upper_plan_mode | upper_plan_s_km | upper_plan_seq | upper_plan_time | v_cmd | v_plan_kmh | v_plan_segments | v_upper_cmd | z
mpc_solarcar/mpc_node.py,MPCNode._step_lower,2495,2544,def _step_lower(self),bool | d0.get | datetime.now | dict | float | info | len | list | np.isfinite | self._build_lower_ref | self._lower_mpc_solve | self._publish_lower_command_cycle | self._route_value | self.get_logger | self.get_parameter | str | time.monotonic,Tb | _build_lower_ref | _lower_mpc_solve | _publish_lower_command_cycle | _route_value | get_logger | get_parameter | hierarchical | last_data | route_profile | s_km | s_meas | timer_lower | v_now | v_upper_cmd | z,_lower_solve_logged | lower_last_mode | lower_last_u | lower_last_v_pred | v_cmd | v_lower_cmd
mpc_solarcar/mpc_node.py,MPCNode._publish_lower_command_cycle,2546,2561,def _publish_lower_command_cycle(self) -> None,Float32 | String | float | min | np.clip | self._publish_lower_plan | self._publish_summary | self._sync_measured_state | self.get_parameter | self.pub_drive_mode.publish | self.pub_speed.publish | self.pub_throttle.publish | str,_publish_lower_plan | _publish_summary | _sync_measured_state | control_stop_hold | get_parameter | hierarchical | lower_last_mode | lower_last_u | lower_last_v_pred | pub_drive_mode | pub_speed | pub_throttle | timer_lower | v_lower_cmd,
mpc_solarcar/mpc_node.py,main,2563,2573,def main(),MPCNode | MultiThreadedExecutor | executor.add_node | executor.shutdown | executor.spin | node.destroy_node | rclpy.init | rclpy.shutdown,,
mpc_solarcar/model.py,_is_symbolic,10,14,def _is_symbolic(x),hasattr | isinstance | x.is_symbolic,,
mpc_solarcar/model.py,SolarCarModel.__init__,74,122,"__init__(self, drive_map_path, regen_map_path, Rint_map_path, params, panel_eff_map_path, mppt_eff_map_path, drive_map_eco_path, drive_map_power_path, regen_map_eco_path, regen_map_power_path, ocv_soc_map_path)",Params | read_1d_map | read_Rint_map | read_eff_map | read_map | self._update_mode_limits,_update_mode_limits,Gg | Gm | Rmap | Tcg | Tg | Tm | Z_drv | Z_mppt | Z_panel | Z_reg | aux_power_override_w | drive_mode | drive_mode_default | drive_mode_tau_margin | maps_drive | maps_regen | mppt_eff_map | ocv_grid | ocv_soc_map | p | panel_eff_map | soc_grid | tau_grid | tau_gridR | v_grid | v_gridR | zg
mpc_solarcar/model.py,SolarCarModel.eff_drive,124,135,"def eff_drive(self, v_ms, tau_nm)",_is_symbolic | abs | bilinear_interp | ca.fabs | ca.fmax | ca.fmin | ca.sqrt | float | np.clip | self._select_mode | self.maps_drive.get,_select_mode | maps_drive | p,
mpc_solarcar/model.py,SolarCarModel.eff_regen,137,148,"def eff_regen(self, v_ms, tau_nm)",_is_symbolic | abs | bilinear_interp | ca.fabs | ca.fmax | ca.fmin | float | np.clip | self._select_mode | self.maps_regen.get,_select_mode | maps_regen | p,
mpc_solarcar/model.py,SolarCarModel._update_mode_limits,150,156,def _update_mode_limits(self),float | max | self.maps_drive.items,maps_drive,tau_max
mpc_solarcar/model.py,SolarCarModel._select_mode,158,167,"def _select_mode(self, v_ms: float, tau_nm: float) -> str",float | lower | self.tau_max.get | str,drive_mode | drive_mode_tau_margin | maps_drive | tau_max,
mpc_solarcar/model.py,SolarCarModel.select_drive_mode,169,170,"def select_drive_mode(self, v_ms: float, tau_nm: float) -> str",abs | self._select_mode,_select_mode,
mpc_solarcar/model.py,SolarCarModel.R_int,172,177,"def R_int(self, T_C, z)",_is_symbolic | bilinear_interp | float,Rmap | Tg | p | zg,
mpc_solarcar/model.py,SolarCarModel.pv_balance,179,220,"def pv_balance(self, G_poa, T_cell_C)",_is_symbolic | bilinear_interp | ca.fmax | ca.fmin | dict | float | max | min,Gg | Gm | Tcg | Tm | Z_mppt | Z_panel | mppt_eff_map | p | panel_eff_map,
mpc_solarcar/model.py,SolarCarModel.pv_power_mppt,222,223,"def pv_power_mppt(self, G_poa, T_cell_C)",self.pv_balance,pv_balance,
mpc_solarcar/model.py,SolarCarModel._scaled_slope_pct,225,226,"def _scaled_slope_pct(self, slope_pct)",float,p,
mpc_solarcar/model.py,SolarCarModel.charge_efficiency,228,233,"def charge_efficiency(self, P_pack) -> float",float,p,
mpc_solarcar/model.py,SolarCarModel.soc_step,235,260,"soc_step(self, z, P_pack, dt_sec, *, current_a, Tbat_C)",float | max | self.battery_iv | self.charge_efficiency,battery_iv | charge_efficiency | p,
mpc_solarcar/model.py,SolarCarModel.ocv_from_soc,262,269,"def ocv_from_soc(self, z)",_is_symbolic | ca.fmax | ca.fmin | float | np.clip | np.interp,ocv_grid | ocv_soc_map | p | soc_grid,
mpc_solarcar/model.py,SolarCarModel.load_ocv_map,271,278,"def load_ocv_map(self, path: str) -> bool",read_1d_map,,ocv_grid | ocv_soc_map | soc_grid
mpc_solarcar/model.py,SolarCarModel.air_density,280,295,"def air_density(self, ambient_temp_c=None, elevation_m=0.0)",float | lower | max | np.clip | str,p,
mpc_solarcar/model.py,SolarCarModel.resistive_forces,297,342,"resistive_forces(self, v_ms, slope_pct, headwind_ms, *, ambient_temp_c, elevation_m, air_density_kgm3)",_is_symbolic | ca.atan | ca.cos | ca.fmax | ca.sin | dict | float | math.atan | math.cos | math.sin | max | self._scaled_slope_pct | self.air_density,_scaled_slope_pct | air_density | p,
mpc_solarcar/model.py,SolarCarModel.battery_iv,344,366,"def battery_iv(self, P_pack, z, Tbat_C)",_is_symbolic | ca.fmax | ca.fmin | ca.sqrt | dict | float | math.sqrt | max | np.clip | self.R_int | self.ocv_from_soc,R_int | ocv_from_soc | p,
mpc_solarcar/model.py,SolarCarModel.mech_power,368,387,"mech_power(self, v_ms, slope_pct, headwind_ms, inertial_power_w, *, ambient_temp_c, elevation_m)",self.resistive_forces,resistive_forces,
mpc_solarcar/model.py,SolarCarModel.auxiliary_power,389,394,"def auxiliary_power(self, aux_power_w=None)",float | max,aux_power_override_w | p,
mpc_solarcar/model.py,SolarCarModel.scheduled_auxiliary_power,396,403,"def scheduled_auxiliary_power(self, *, is_driving: bool, irradiance_wm2: float) -> float",float | max | self.auxiliary_power,aux_power_override_w | auxiliary_power | p,
mpc_solarcar/model.py,SolarCarModel.torque_from_mech,405,414,"def torque_from_mech(self, P_mech, v_ms, wheel_radius=None, ratio=None)",,p,
mpc_solarcar/model.py,SolarCarModel.electrical_balance,416,477,"electrical_balance(self, v_ms, slope_pct, z, Tbat_C, G_poa, Tcell_C, headwind_ms, aux_power_w, inertial_power_w, ambient_temp_c, elevation_m)",_is_symbolic | ca.fmax | dict | float | max | np.clip | self.auxiliary_power | self.battery_iv | self.charge_efficiency | self.eff_drive | self.eff_regen | self.pv_balance | self.resistive_forces | self.torque_from_mech,auxiliary_power | battery_iv | charge_efficiency | eff_drive | eff_regen | p | pv_balance | resistive_forces | torque_from_mech,
mpc_solarcar/utils_maps.py,bilinear_interp,3,12,"def bilinear_interp(xg, yg, Z, x, y)",len | np.asarray | np.clip | np.searchsorted,,
mpc_solarcar/utils_maps.py,read_eff_map,13,15,def read_eff_map(path),df.columns.values.astype | df.index.values.astype | df.values.astype | pd.read_csv,,
mpc_solarcar/utils_maps.py,read_Rint_map,16,18,def read_Rint_map(path),df.columns.values.astype | df.index.values.astype | df.values.astype | pd.read_csv,,
mpc_solarcar/utils_maps.py,read_map,20,22,def read_map(path),df.columns.values.astype | df.index.values.astype | df.values.astype | pd.read_csv,,
mpc_solarcar/utils_maps.py,read_1d_map,24,33,def read_1d_map(path),df.index.values.astype | pd.read_csv | values.astype,,
mpc_solarcar/route_utils.py,_interp_field,6,13,"def _interp_field(d, y, s_km, default=0.0)",float | len | np.clip | np.searchsorted,,
mpc_solarcar/route_utils.py,interpolate_route,16,22,"def interpolate_route(route_df, s_km)",_interp_field | float | len,,
mpc_solarcar/route_utils.py,interpolate_route_with_alt,25,33,"def interpolate_route_with_alt(route_df, s_km)",_interp_field | float | interpolate_route,,
mpc_solarcar/route_utils.py,interpolate_profile,36,40,"def interpolate_profile(route_df, s_km, field: str, default: float = 0.0) -> float",_interp_field | float,,
mpc_solarcar/route_utils.py,average_profile,43,64,"def average_profile(route_df, s0_km, s1_km, field: str, default: float = 0.0) -> float",average_profile_segments | float | np.asarray | np.isfinite,,
mpc_solarcar/route_utils.py,average_profile_segments,67,124,"def average_profile_segments(route_df, starts_km, lengths_km, field: str, default: float = 0.0)",ValueError | antiderivative | finite.sum | float | int | len | lengths.ravel | np.any | np.argsort | np.asarray | np.clip | np.concatenate | np.cumsum | np.diff | np.empty_like | np.full | np.interp | np.isfinite | np.maximum | np.searchsorted | np.square | np.unique | pd.to_numeric | result.reshape | starts.ravel | to_numpy,,
mpc_solarcar/route_utils.py,interpolate_route_heading,127,139,"def interpolate_route_heading(route_df, s_km, span_km: float = 0.5) -> float",float | interpolate_route | len | math.atan2 | math.cos | math.degrees | math.radians | math.sin,,
mpc_solarcar/schedule_utils.py,_parse_utc,14,23,def _parse_utc(ts: str) -> Optional[datetime],datetime.fromisoformat | dt.astimezone | dt.replace | ts.endswith,,
mpc_solarcar/schedule_utils.py,_parse_time_hhmm,26,33,def _parse_time_hhmm(s: str) -> Optional[dtime],dtime | int | len | s.strip | split,,
mpc_solarcar/schedule_utils.py,DriveWindow.contains,43,44,"def contains(self, t_utc: datetime) -> bool",,end_utc | start_utc,
mpc_solarcar/schedule_utils.py,DailyWindow.contains,56,72,"def contains(self, t_utc: datetime) -> bool",ZoneInfo | local_dt.time | local_dt.weekday | t_utc.astimezone,days | end_local | start_local | tz,
mpc_solarcar/schedule_utils.py,DriveSchedule.__init__,76,79,"def __init__(self, windows: List[DriveWindow], daily: List[DailyWindow], deny_by_default: bool)",,,daily | deny_by_default | windows
mpc_solarcar/schedule_utils.py,DriveSchedule.from_yaml,82,116,"def from_yaml(cls, path: str) -> Optional['DriveSchedule']",DailyWindow | DriveWindow | _parse_time_hhmm | _parse_utc | bool | cfg.get | cls | daily.append | float | int | open | os.path.exists | str | w.get | windows.append | yaml.safe_load,,
mpc_solarcar/schedule_utils.py,DriveSchedule.speed_limits,118,132,"def speed_limits(self, t_utc: datetime) -> Optional[Tuple[float, float]]",limits.append | max | min | w.contains,daily | deny_by_default | windows,
mpc_solarcar/schedule_utils.py,DriveSchedule.is_drive_time,134,138,"def is_drive_time(self, t_utc: datetime) -> bool",self.speed_limits,deny_by_default | speed_limits,
mpc_solarcar/schedule_utils.py,DriveSchedule.next_drive_start,140,181,"def next_drive_start(self, t_utc: datetime) -> datetime",ZoneInfo | candidates.append | date | datetime.combine | local_dt.date | local_dt.time | local_dt.weekday | min | self.is_drive_time | start_local.astimezone | t_utc.astimezone | timedelta | weekday,daily | is_drive_time | windows,
mpc_solarcar/schedule_utils.py,DriveSchedule.current_drive_window,183,217,"def current_drive_window(self, t_utc: datetime)",ZoneInfo | datetime.combine | end_local.astimezone | local_dt.date | local_dt.time | local_dt.weekday | start_local.astimezone | t_utc.astimezone | timedelta | w.contains,daily | windows,
mpc_solarcar/forecast_grid.py,timestamp_ns,23,29,def timestamp_ns(value) -> int,int | pd.Timestamp | ts.tz_convert | ts.tz_localize,,
mpc_solarcar/forecast_grid.py,forecast_distance_column,32,39,def forecast_distance_column(df: pd.DataFrame) -> str,isinstance,,
mpc_solarcar/forecast_grid.py,build_forecast_grid_payload,42,82,def build_forecast_grid_payload(df: pd.DataFrame) -> dict | None,apply | bfill | df.copy | drop_duplicates | dropna | ffill | forecast_distance_column | interpolate | len | max | np.array | pd.Index | pd.to_numeric | pivot.to_numpy | reindex | sort_values | sorted | timestamp_ns | unique | work.drop_duplicates | work.dropna | work.pivot,,
mpc_solarcar/forecast_grid.py,interp_forecast_grid,85,130,"interp_forecast_grid(payload, col, t_utc, s_km, default)",float | get | int | len | max | np.clip | np.searchsorted | payload.get | timestamp_ns,,
mpc_solarcar/upper_policy.py,load_upper_policy_csv,9,30,def load_upper_policy_csv(path: str | Path) -> pd.DataFrame,Path | ValueError | copy | drop_duplicates | dropna | float | len | out.replace | pd.read_csv | pd.to_numeric | required.issubset | reset_index | sort_values | sorted,,
mpc_solarcar/upper_policy.py,interpolate_upper_policy,33,49,"interpolate_upper_policy(frame, control_s_km, *, minimum_speed_kmh, maximum_speed_kmh)",ValueError | float | len | np.all | np.asarray | np.clip | np.interp | np.isfinite | pd.to_numeric | to_numpy,,
mpc_solarcar/upper_cost.py,UpperCostConfig.to_dict,44,45,"def to_dict(self) -> Dict[str, Any]",asdict,,
mpc_solarcar/upper_cost.py,_cfg_value,48,51,"def _cfg_value(cfg: Optional[dict], key: str, default)",isinstance,,
mpc_solarcar/upper_cost.py,load_upper_cost_config,54,107,"load_upper_cost_config(mpc_cfg, *, legacy, default_drive_window)",UpperCostConfig | _cfg_value | float | isinstance | lower | mpc_cfg.get | pick | str | strip,,
mpc_solarcar/upper_cost.py,quad_penalty,110,115,"def quad_penalty(x: float, cap: float = 1.0e3) -> float",,,
mpc_solarcar/upper_cost.py,upper_stage_cost,118,260,"upper_stage_cost(cfg, *, dt_wait, dt_travel, v_kmh, v_prev_kmh, vmax_local_kmh, drive_limits, dv_limit_kmhps, I_a, V_v, P_pv_w, P_pack_w, P_pack_prev_w, P_mech_wheel_w, losses_int_w, losses_line_w, F_aero_n, kinetic_step_wh, z_next, Tb_next_c, term_soc_min, soc_min, soc_max, temp_min_c, temp_max_c, day_end_soc_min, day_end_crossing, soc_day_end_max, soc_day_track_target, soc_day_track_tol, I_max, I_chg_min, V_min, V_max, time_ahead_h, progress_lag_km)",abs | float | max | min | quad_penalty,,
mpc_solarcar/upper_cost.py,upper_terminal_cost,263,280,"upper_terminal_cost(cfg, *, z_terminal, term_soc_min, soc_finish_target, soc_finish_tol, progress_terminal_lag_km)",float | max | quad_penalty,,
mpc_solarcar/upper_cost.py,active_upper_cost_terms,283,288,"def active_upper_cost_terms(cfg: UpperCostConfig, threshold: float = 1.0e-6) -> Dict[str, float]",abs | cfg.to_dict | float | items | key.startswith,,
mpc_solarcar/upper_horizon.py,UpperDistanceHorizon.total_km,20,21,def total_km(self) -> float,float | len | np.sum,ds_seq_km,
mpc_solarcar/upper_horizon.py,_weighted_extra,24,30,"def _weighted_extra(count: int, growth: float) -> np.ndarray",abs | float | max | np.arange | np.ones | np.power,,
mpc_solarcar/upper_horizon.py,_adaptive_ds_sequence,33,79,"_adaptive_ds_sequence(target_km, *, max_steps, min_ds_km, max_ds_km, growth)",_weighted_extra | alloc_weights.sum | base.copy | base.sum | enumerate | float | int | math.ceil | max | min | np.any | np.array | np.flatnonzero | np.full | np.maximum | weights.sum,,
mpc_solarcar/upper_horizon.py,build_upper_distance_horizon,82,133,"build_upper_distance_horizon(*, mode, s0_km, race_km, ds_km, horizon_km, max_steps, ctrl_km, adaptive_min_ds_km, adaptive_max_ds_km, adaptive_growth)",UpperDistanceHorizon | _adaptive_ds_sequence | float | int | len | lower | math.ceil | max | min | np.append | np.arange | np.array | np.concatenate | np.cumsum | np.full | np.sum | str | strip,,
mpc_solarcar/upper_horizon.py,plan_segment_index,136,145,"def plan_segment_index(plan_segments: Iterable[dict], s_km: float) -> int",enumerate | float | len | list | seg.get,,
mpc_solarcar/upper_solver.py,_fork_finite_cost,19,22,def _fork_finite_cost(vec: np.ndarray) -> float,finite_cost | float,,
mpc_solarcar/upper_solver.py,clip_to_bounds,25,29,"def clip_to_bounds(vec: np.ndarray, bounds: Bounds) -> np.ndarray",copy | enumerate | float | np.asarray | np.clip,,
mpc_solarcar/upper_solver.py,finite_cost,32,39,"def finite_cost(cost_fn: Callable[[np.ndarray], float], vec: np.ndarray) -> float",cost_fn | float | np.asarray | np.isfinite,,
mpc_solarcar/upper_solver.py,default_seed_library,42,54,"def default_seed_library(x0: np.ndarray, bounds: Bounds) -> List[tuple[str, np.ndarray]]",clip_to_bounds | float | len | np.array | np.asarray | np.linspace | np.maximum | seeds.append,,
mpc_solarcar/upper_solver.py,hybrid_bounded_minimize,57,473,"hybrid_bounded_minimize(cost_fn, x0, bounds, *, maxiter, structured_seeds, cem_enabled, cem_mode, cem_generations, cem_population, cem_elite, local_refine_topk, seed_library_mode, rng_seed, shgo_samples, shgo_iters, cert_grid_levels, cert_grid_values, cert_max_evaluations, cert_workers, progress_callback, cert_progress_interval)",ProcessPoolExecutor | ThreadPoolExecutor | abs | add_candidate | best.get | bool | clip_to_bounds | copy | default_seed_library | dict | emit_progress | enumerate | evaluated.append | evaluated.extend | executor.map | finite_cost | finite_pool.sort | finite_pop.sort | float | get | getattr | global_pool.sort | grid_values.copy | grid_values.tolist | hasattr | int | len | list | local_refine_rows | lower | max | min | minimize | mp.get_context | np.all | np.array | np.asarray | np.clip | np.isfinite | np.linspace | np.max | np.maximum | np.mean | np.random.default_rng | np.round | np.std | np.unique | np.vstack | pop.append | product | progress_callback | range | record_grid_candidate | refined.append | refined.sort | rng.normal | row.get | seen.add | set | shgo | should_run_cem_from_seed_consensus | str | strip | sum | tolist | tuple | zip,,
mpc_solarcar/estimator.py,BatteryMHE.__init__,32,52,"__init__(self, model, horizon_steps, w_soc, w_tb, w_i, w_v, w_prior, soc_bounds, tb_bounds)",deque | float | int | max,,model | samples | soc_bounds | tb_bounds | w_i | w_prior | w_soc | w_tb | w_v
mpc_solarcar/estimator.py,BatteryMHE.push,54,55,"def push(self, u: MheInput, y: MheMeas)",self.samples.append,samples,
mpc_solarcar/estimator.py,BatteryMHE._simulate,57,83,"def _simulate(self, z0: float, Tb0: float)",float | outputs.append | self.model.electrical_balance | self.model.soc_step,model | samples,
mpc_solarcar/estimator.py,BatteryMHE.estimate,85,111,"def estimate(self, z_init: float, Tb_init: float) -> Tuple[float, float]",dict | float | len | math.isfinite | minimize | np.array | self._simulate | zip,_simulate | samples | soc_bounds | tb_bounds | w_i | w_prior | w_soc | w_tb | w_v,
mpc_solarcar/signal_utils.py,finite_float,7,12,"def finite_float(value, default: float = math.nan) -> float",float | math.isfinite,,
mpc_solarcar/signal_utils.py,fresh_enough,15,20,"def fresh_enough(last_time_sec: float | None, now_sec: float | None, timeout_sec: float) -> bool",float,,
mpc_solarcar/signal_utils.py,slew_limit,23,38,"slew_limit(previous, target, dt_sec, rise_rate, fall_rate)",finite_float | float | max | min,,
mpc_solarcar/signal_utils.py,RobustScalarFilter.__init__,42,58,"__init__(self, *, tau_sec, initial_value, min_value, max_value, rise_rate, fall_rate)",finite_float | max,,fall_rate | last_time | max_value | min_value | rise_rate | tau_sec | value
mpc_solarcar/signal_utils.py,RobustScalarFilter.reset,60,63,"def reset(self, value: float, *, now: float | None = None) -> float",finite_float | float | time.monotonic,,last_time | value
mpc_solarcar/signal_utils.py,RobustScalarFilter.update,65,84,"def update(self, value: float, *, now: float | None = None) -> float",finite_float | float | math.exp | math.isfinite | max | self._clamp | slew_limit | time.monotonic,_clamp | fall_rate | rise_rate | tau_sec,last_time | value
mpc_solarcar/signal_utils.py,RobustScalarFilter._clamp,86,92,"def _clamp(self, value: float) -> float",finite_float | float | max | min,max_value | min_value | value,
mpc_solarcar/signal_utils.py,SmoothRateLimiter.__init__,96,116,"__init__(self, *, min_value, max_value, tau_sec, rise_rate, fall_rate, deadband, quantize_step, initial_value)",finite_float | max | self._clamp,_clamp,deadband | fall_rate | last_time | max_value | min_value | quantize_step | rise_rate | tau_sec | value
mpc_solarcar/signal_utils.py,SmoothRateLimiter.reset,118,121,"def reset(self, value: float, *, now: float | None = None) -> float",finite_float | float | self._clamp | time.monotonic,_clamp,last_time | value
mpc_solarcar/signal_utils.py,SmoothRateLimiter.update,123,139,"def update(self, target: float, *, now: float | None = None) -> float",finite_float | float | math.exp | max | self._clamp | self._postprocess | slew_limit | time.monotonic,_clamp | _postprocess | fall_rate | rise_rate | tau_sec,last_time | value
mpc_solarcar/signal_utils.py,SmoothRateLimiter._clamp,141,147,"def _clamp(self, value: float) -> float",finite_float | float | max | min,max_value | min_value,
mpc_solarcar/signal_utils.py,SmoothRateLimiter._postprocess,149,155,"def _postprocess(self, value: float, *, reference: float) -> float",abs | float | round | self._clamp,_clamp | deadband | quantize_step,
mpc_solarcar/solar_preflight_logic.py,evaluate_freshness,19,40,"evaluate_freshness(*, elapsed_sec, ages_sec, required, timeout_sec, startup_grace_sec)",FreshnessResult | ages_sec.get | float | join,,
mpc_solarcar/solar_preflight_logic.py,evaluate_command_gate,43,68,"evaluate_command_gate(*, elapsed_sec, speed_input_age_sec, system_state, system_state_age_sec, startup_hold_sec, input_timeout_sec, system_state_timeout_sec, require_system_running)",CommandGateResult | max | str | strip | upper,,
mpc_solarcar/solar_preflight_node.py,SolarPreflightNode.__init__,15,39,def __init__(self),__init__ | info | self._seen | self.create_publisher | self.create_subscription | self.create_timer | self.declare_parameter | self.get_logger | super | time.monotonic,_seen | _step | create_publisher | create_subscription | create_timer | declare_parameter | get_logger,last_seen | pub_diag | pub_health | pub_state | start_mono | timer
mpc_solarcar/solar_preflight_node.py,SolarPreflightNode._seen,41,45,"def _seen(self, key: str)",time.monotonic,last_seen,
mpc_solarcar/solar_preflight_node.py,SolarPreflightNode._required,47,57,"def _required(self) -> tuple[str, ...]",bool | required.append | required.extend | self.get_parameter | tuple,get_parameter,
mpc_solarcar/solar_preflight_node.py,SolarPreflightNode._step,59,75,def _step(self),Float32 | String | evaluate_freshness | float | self._required | self.get_parameter | self.pub_diag.publish | self.pub_health.publish | self.pub_state.publish | time.monotonic,_required | get_parameter | last_seen | pub_diag | pub_health | pub_state | start_mono,
mpc_solarcar/solar_preflight_node.py,main,78,85,def main(),SolarPreflightNode | node.destroy_node | rclpy.init | rclpy.shutdown | rclpy.spin,,
mpc_solarcar/distance_node.py,DistanceNode.__init__,10,27,def __init__(self),__init__ | float | info | self.create_publisher | self.create_service | self.create_subscription | self.create_timer | self.declare_parameter | self.get_logger | self.get_parameter | super,_on_reset | _on_speed | _publish | create_publisher | create_service | create_subscription | create_timer | declare_parameter | get_logger | get_parameter,last_speed | last_time | max_dt_sec | pub_s | s_km | srv_reset | sub_speed | timer
mpc_solarcar/distance_node.py,DistanceNode._on_speed,29,38,"def _on_speed(self, msg: Float32)",float | math.isfinite | now | self.get_clock,get_clock | max_dt_sec,last_speed | last_time | s_km
mpc_solarcar/distance_node.py,DistanceNode._on_reset,40,46,"def _on_reset(self, request, response)",,,last_speed | last_time | s_km
mpc_solarcar/distance_node.py,DistanceNode._publish,48,51,def _publish(self),Float32 | float | self.pub_s.publish,pub_s | s_km,
mpc_solarcar/distance_node.py,main,54,59,def main(),DistanceNode | node.destroy_node | rclpy.init | rclpy.shutdown | rclpy.spin,,
mpc_solarcar/grade_node.py,GradeNode.__init__,11,41,def __init__(self),__init__ | float | info | self.create_publisher | self.create_subscription | self.create_timer | self.declare_parameter | self.get_logger | self.get_parameter | super | time.monotonic,_on_altitude | _on_gps | _on_s_km | _on_speed | _step | create_publisher | create_subscription | create_timer | declare_parameter | get_logger | get_parameter,alpha | altitude_ema | altitude_m | altitude_topic | gps_topic | grade | last_alt_ema | last_s_km | last_update | min_delta_s_km | min_speed_kmh | pub_grade | s_km | speed_kmh | timer
mpc_solarcar/grade_node.py,GradeNode._on_s_km,43,44,"def _on_s_km(self, msg: Float32)",float,,s_km
mpc_solarcar/grade_node.py,GradeNode._on_speed,46,47,"def _on_speed(self, msg: Float32)",float,,speed_kmh
mpc_solarcar/grade_node.py,GradeNode._on_altitude,49,50,"def _on_altitude(self, msg: Float32)",float | self._update_altitude,_update_altitude,
mpc_solarcar/grade_node.py,GradeNode._on_gps,52,54,"def _on_gps(self, msg: NavSatFix)",float | math.isfinite | self._update_altitude,_update_altitude,
mpc_solarcar/grade_node.py,GradeNode._update_altitude,56,61,"def _update_altitude(self, altitude_m: float)",math.isfinite,alpha,altitude_ema | altitude_m
mpc_solarcar/grade_node.py,GradeNode._step,63,86,def _step(self),Float32 | float | math.isfinite | self.pub_grade.publish,altitude_ema | min_delta_s_km | min_speed_kmh | pub_grade | s_km | speed_kmh,grade | last_alt_ema | last_s_km
mpc_solarcar/grade_node.py,main,89,94,def main(),GradeNode | node.destroy_node | rclpy.init | rclpy.shutdown | rclpy.spin,,
mpc_solarcar/weather_utils.py,_fetch_json,41,44,def _fetch_json(url: str) -> dict,json.load | urllib.request.Request | urllib.request.urlopen,,
mpc_solarcar/weather_utils.py,ideal_tracking_poa_wm2,47,64,"def ideal_tracking_poa_wm2(ghi, dni, dhi, *, ground_albedo: float = 0.20)",float | np.asarray | np.clip | np.divide | np.maximum | np.where | np.zeros_like,,
mpc_solarcar/weather_utils.py,fetch_openmeteo_forecast,67,119,"fetch_openmeteo_forecast(latitude, longitude, *, timezone_name, forecast_days, step_minutes, tcell_gain)",_fetch_json | bfill | df.get | dropna | dt.strftime | ffill | fillna | float | ideal_tracking_poa_wm2 | int | interpolate | join | max | payload.get | pd.DataFrame | pd.to_datetime | pd.to_numeric | sort_index | str | urllib.parse.urlencode | work.resample | work.reset_index | work.set_index,,
mpc_solarcar/weather_utils.py,write_forecast_csv,122,128,"def write_forecast_csv(df: pd.DataFrame, out_csv: str | Path) -> None",Path | df.copy | out_path.parent.mkdir | work.sort_values | work.to_csv,,
mpc_solarcar/weather_fetch_node.py,WeatherFetchNode.__init__,16,102,def __init__(self) -> None,Path | __init__ | expanduser | float | get_path | get_section | info | int | live_cfg.get | load_profile | max | rclpy.parameter.Parameter | runtime_cfg.get | self._fetch_once | self.create_publisher | self.create_subscription | self.create_timer | self.declare_parameter | self.get_logger | self.get_parameter | self.set_parameters | str | strip | super | weather_cfg.get,_fetch_once | _on_gps | create_publisher | create_subscription | create_timer | declare_parameter | get_logger | get_parameter | set_parameters,fallback_lat | fallback_lon | fetch_period_sec | forecast_days | gps_topic | latest_lat | latest_lon | output_csv | pub_status | raw_forecast_csv | step_minutes | tcell_gain | timer | timezone_name
mpc_solarcar/weather_fetch_node.py,WeatherFetchNode._on_gps,104,109,"def _on_gps(self, msg: NavSatFix) -> None",float,,latest_lat | latest_lon
mpc_solarcar/weather_fetch_node.py,WeatherFetchNode._fetch_once,111,135,def _fetch_once(self) -> None,String | error | fetch_openmeteo_forecast | info | len | raw_path.is_absolute | resolve | self.get_logger | self.pub_status.publish | write_forecast_csv,fallback_lat | fallback_lon | forecast_days | get_logger | latest_lat | latest_lon | output_csv | pub_status | raw_forecast_csv | step_minutes | tcell_gain | timezone_name,
mpc_solarcar/weather_fetch_node.py,main,138,143,def main() -> None,WeatherFetchNode | node.destroy_node | rclpy.init | rclpy.shutdown | rclpy.spin,,
mpc_solarcar/solar_autocal_logic.py,daytime_stationary_aux_estimate,8,24,"daytime_stationary_aux_estimate(*, ghi_wm2, day_ghi_threshold_wm2, speed_kmh, stationary_speed_kmh, pack_power_w, solar_power_w)",abs | all | float | math.isfinite | max,,
mpc_solarcar/solar_autocal_node.py,_clamp,13,14,"def _clamp(value: float, lo: float, hi: float) -> float",float | max | min,,
mpc_solarcar/solar_autocal_node.py,SolarAutocalNode.__init__,18,72,def __init__(self) -> None,__init__ | _clamp | float | info | max | self.create_publisher | self.create_subscription | self.create_timer | self.declare_parameter | self.get_logger | self.get_parameter | super,_on_current | _on_env | _on_metrics | _on_solar | _on_speed | _on_voltage | _step | create_publisher | create_subscription | create_timer | declare_parameter | get_logger | get_parameter,_latest_current_a | _latest_voltage_v | alpha | aux_max | aux_min | aux_power | day_ghi | drive_gain | drive_gain_max | drive_gain_min | drive_speed | ghi | pack_power_w | period | pred_pack_w | pred_solar_w | pub_aux | pub_drive | pub_solar | pub_status | solar_gain | solar_gain_max | solar_gain_min | solar_obs_w | speed_kmh | stationary_speed | timer
mpc_solarcar/solar_autocal_node.py,SolarAutocalNode._on_speed,74,75,"def _on_speed(self, msg: Float32) -> None",float,,speed_kmh
mpc_solarcar/solar_autocal_node.py,SolarAutocalNode._on_current,77,80,"def _on_current(self, msg: Float32) -> None",float | math.isfinite,_latest_voltage_v,_latest_current_a | pack_power_w
mpc_solarcar/solar_autocal_node.py,SolarAutocalNode._on_voltage,82,85,"def _on_voltage(self, msg: Float32) -> None",float | math.isfinite,_latest_current_a,_latest_voltage_v | pack_power_w
mpc_solarcar/solar_autocal_node.py,SolarAutocalNode._on_solar,87,88,"def _on_solar(self, msg: Float32) -> None",float,,solar_obs_w
mpc_solarcar/solar_autocal_node.py,SolarAutocalNode._on_env,90,93,"def _on_env(self, msg: Float32MultiArray) -> None",float | len | list,,ghi
mpc_solarcar/solar_autocal_node.py,SolarAutocalNode._on_metrics,95,100,"def _on_metrics(self, msg: Float32MultiArray) -> None",float | len | list,,pred_pack_w | pred_solar_w
mpc_solarcar/solar_autocal_node.py,SolarAutocalNode._ema,102,104,"def _ema(self, current: float, estimate: float, lo: float, hi: float) -> float",_clamp | float,alpha,
mpc_solarcar/solar_autocal_node.py,SolarAutocalNode._step,106,150,def _step(self) -> None,Float32 | String | abs | daytime_stationary_aux_estimate | float | math.isfinite | max | self._ema | self.pub_aux.publish | self.pub_drive.publish | self.pub_solar.publish | self.pub_status.publish,_ema | aux_max | aux_min | day_ghi | drive_gain_max | drive_gain_min | drive_speed | ghi | pack_power_w | pred_pack_w | pred_solar_w | pub_aux | pub_drive | pub_solar | pub_status | solar_gain_max | solar_gain_min | solar_obs_w | speed_kmh | stationary_speed,aux_power | drive_gain | solar_gain
mpc_solarcar/solar_autocal_node.py,main,153,158,def main() -> None,SolarAutocalNode | node.destroy_node | rclpy.init | rclpy.shutdown | rclpy.spin,,
mpc_solarcar/speed_command_bridge_node.py,SpeedCommandBridgeNode.__init__,18,87,def __init__(self) -> None,SmoothRateLimiter | __init__ | bool | float | info | int | max | self.create_publisher | self.create_subscription | self.create_timer | self.declare_parameter | self.get_logger | self.get_parameter | self.limiter.reset | socket.socket | str | super | time.monotonic,_on_drive_mode | _on_speed_cmd | _on_system_state | _on_upper_speed_cmd | _step | create_publisher | create_subscription | create_timer | declare_parameter | get_logger | get_parameter,applied_drive_mode | drive_mode_min_hold_sec | input_timeout_sec | last_drive_mode | last_drive_mode_change | last_gate_reason | last_mode_input_time | last_speed_cmd | last_speed_input_time | last_system_state_time | last_udp_error_log_time | last_upper_speed_cmd | limiter | mode_pub | output_drive_mode_topic | output_speed_topic | publish_rate_hz | require_system_running | safe_speed_kmh | sock | speed_pub | start_time | startup_hold_sec | system_state | system_state_timeout_sec | timer | udp_enabled | udp_host | udp_port
mpc_solarcar/speed_command_bridge_node.py,SpeedCommandBridgeNode._on_speed_cmd,89,91,"def _on_speed_cmd(self, msg: Float32) -> None",float | time.monotonic,,last_speed_cmd | last_speed_input_time
mpc_solarcar/speed_command_bridge_node.py,SpeedCommandBridgeNode._on_upper_speed_cmd,93,94,"def _on_upper_speed_cmd(self, msg: Float32) -> None",float,,last_upper_speed_cmd
mpc_solarcar/speed_command_bridge_node.py,SpeedCommandBridgeNode._on_drive_mode,96,98,"def _on_drive_mode(self, msg: String) -> None",str | time.monotonic,,last_drive_mode | last_mode_input_time
mpc_solarcar/speed_command_bridge_node.py,SpeedCommandBridgeNode._on_system_state,100,102,"def _on_system_state(self, msg: String) -> None",str | strip | time.monotonic | upper,,last_system_state_time | system_state
mpc_solarcar/speed_command_bridge_node.py,SpeedCommandBridgeNode._step,104,159,def _step(self) -> None,Float32 | String | encode | error | evaluate_command_gate | float | json.dumps | self.get_logger | self.limiter.update | self.mode_pub.publish | self.sock.sendto | self.speed_pub.publish | time.monotonic | time.time | utc_iso_now,drive_mode_min_hold_sec | get_logger | input_timeout_sec | last_drive_mode | last_mode_input_time | last_speed_cmd | last_speed_input_time | last_system_state_time | last_upper_speed_cmd | limiter | mode_pub | require_system_running | safe_speed_kmh | sock | speed_pub | start_time | startup_hold_sec | system_state | system_state_timeout_sec | udp_host | udp_port,applied_drive_mode | last_drive_mode_change | last_gate_reason | last_udp_error_log_time
mpc_solarcar/speed_command_bridge_node.py,main,162,167,def main() -> None,SpeedCommandBridgeNode | node.destroy_node | rclpy.init | rclpy.shutdown | rclpy.spin,,
mpc_solarcar/telemetry_protocol.py,parse_source_timestamp,18,41,def parse_source_timestamp(payload: dict) -> float | None,datetime.fromisoformat | float | math.isfinite | parsed.astimezone | payload.get | raw.endswith | str | strip | timestamp,,
mpc_solarcar/telemetry_protocol.py,validate_source_timestamp,44,72,"validate_source_timestamp(payload, *, now_unix, last_source_unix, required, max_age_sec, max_future_skew_sec, max_out_of_order_sec)",TimestampValidation | float | max | parse_source_timestamp,,
mpc_solarcar/telemetry_protocol.py,utc_iso_now,75,76,def utc_iso_now() -> str,datetime.now | isoformat | replace,,
mpc_solarcar/telemetry_text_bridge_node.py,_safe_float,19,29,"def _safe_float(payload: dict, *keys: str) -> float | None",float | math.isfinite,,
mpc_solarcar/telemetry_text_bridge_node.py,_parse_key_value_text,32,50,def _parse_key_value_text(text: str) -> dict,float | key.strip | replace | split | text.replace | token.split | token.strip | value.strip,,
mpc_solarcar/telemetry_text_bridge_node.py,parse_text_payload,53,63,def parse_text_payload(text: str) -> dict,_parse_key_value_text | isinstance | json.loads | str | strip,,
mpc_solarcar/telemetry_text_bridge_node.py,headwind_component_ms,66,76,def headwind_component_ms(payload: dict) -> float | None,_safe_float | float | math.cos | math.radians,,
mpc_solarcar/telemetry_text_bridge_node.py,TelemetryTextBridgeNode.__init__,80,193,def __init__(self) -> None,RobustScalarFilter | __init__ | bool | float | info | int | max | self._set_outbound | self.create_publisher | self.create_subscription | self.create_timer | self.declare_parameter | self.get_logger | self.get_parameter | self.sock.bind | self.sock.setblocking | socket.socket | str | super,_poll_socket | _send_outbound | _set_outbound | create_publisher | create_subscription | create_timer | declare_parameter | get_logger | get_parameter,chase_remote | enable_inbound | enable_outbound | headwind_filter | i_filter | last_source_unix | max_abs_headwind_ms | max_future_skew_sec | max_out_of_order_sec | max_packet_age_sec | outbound_state | prefer_direct_distance | pub_chase_alt | pub_chase_gps | pub_chase_source_time | pub_course_dir | pub_headwind | pub_raw_chase | pub_raw_solar | pub_solar_source_time | pub_status | pub_vehicle_alt | pub_vehicle_gps | pub_vehicle_i | pub_vehicle_s | pub_vehicle_soc | pub_vehicle_solar | pub_vehicle_speed | pub_vehicle_tb | pub_vehicle_v | pub_wind_dir | pub_wind_speed | publish_period_sec | rx_timer | send_to_chase | send_to_solar | soc_filter | sock | solar_power_gain_to_pack | solar_remote | speed_filter | tb_filter | timestamp_required | tx_sock | tx_timer | v_filter | wind_filter
mpc_solarcar/telemetry_text_bridge_node.py,TelemetryTextBridgeNode._set_outbound,195,196,"def _set_outbound(self, key: str, value) -> None",,outbound_state,
mpc_solarcar/telemetry_text_bridge_node.py,TelemetryTextBridgeNode._poll_socket,198,236,def _poll_socket(self) -> None,Float64 | String | data.decode | lower | parse_text_payload | payload.get | pub.publish | self._handle_chase_payload | self._handle_vehicle_payload | self.pub_raw_chase.publish | self.pub_raw_solar.publish | self.pub_status.publish | self.sock.recvfrom | str | time.time | validate_source_timestamp,_handle_chase_payload | _handle_vehicle_payload | last_source_unix | max_future_skew_sec | max_out_of_order_sec | max_packet_age_sec | pub_chase_source_time | pub_raw_chase | pub_raw_solar | pub_solar_source_time | pub_status | sock | timestamp_required,
mpc_solarcar/telemetry_text_bridge_node.py,TelemetryTextBridgeNode._publish_gps,238,251,"def _publish_gps(self, pub, lat: float | None, lon: float | None, alt: float | None, source_unix: float | None) -> None",NavSatFix | float | int | max | now | pub.publish | self.get_clock | to_msg,get_clock,
mpc_solarcar/telemetry_text_bridge_node.py,TelemetryTextBridgeNode._handle_vehicle_payload,253,289,"def _handle_vehicle_payload(self, payload: dict, source_unix: float | None) -> None",Float32 | _safe_float | float | headwind_component_ms | self._publish_gps | self._publish_weather | self.i_filter.update | self.pub_vehicle_alt.publish | self.pub_vehicle_i.publish | self.pub_vehicle_s.publish | self.pub_vehicle_soc.publish | self.pub_vehicle_solar.publish | self.pub_vehicle_speed.publish | self.pub_vehicle_tb.publish | self.pub_vehicle_v.publish | self.soc_filter.update | self.speed_filter.update | self.tb_filter.update | self.v_filter.update | time.monotonic,_publish_gps | _publish_weather | i_filter | prefer_direct_distance | pub_vehicle_alt | pub_vehicle_gps | pub_vehicle_i | pub_vehicle_s | pub_vehicle_soc | pub_vehicle_solar | pub_vehicle_speed | pub_vehicle_tb | pub_vehicle_v | soc_filter | solar_power_gain_to_pack | speed_filter | tb_filter | v_filter,
mpc_solarcar/telemetry_text_bridge_node.py,TelemetryTextBridgeNode._handle_chase_payload,291,303,"def _handle_chase_payload(self, payload: dict, source_unix: float | None) -> None",Float32 | _safe_float | float | headwind_component_ms | self._publish_gps | self._publish_weather | self.pub_chase_alt.publish | time.monotonic,_publish_gps | _publish_weather | pub_chase_alt | pub_chase_gps,
mpc_solarcar/telemetry_text_bridge_node.py,TelemetryTextBridgeNode._publish_weather,305,315,"def _publish_weather(self, payload: dict, wind_speed, wind_dir, course_deg, headwind, now: float) -> None",Float32 | String | float | payload.get | self.headwind_filter.update | self.pub_course_dir.publish | self.pub_headwind.publish | self.pub_status.publish | self.pub_wind_dir.publish | self.pub_wind_speed.publish | self.wind_filter.update,headwind_filter | pub_course_dir | pub_headwind | pub_status | pub_wind_dir | pub_wind_speed | wind_filter,
mpc_solarcar/telemetry_text_bridge_node.py,TelemetryTextBridgeNode._send_payload,317,323,"def _send_payload(self, addr: tuple[str, int], payload: dict) -> None",encode | json.dumps | self.tx_sock.sendto,tx_sock,
mpc_solarcar/telemetry_text_bridge_node.py,TelemetryTextBridgeNode._send_outbound,325,346,def _send_outbound(self) -> None,self._send_payload | time.time | utc_iso_now,_send_payload | chase_remote | enable_outbound | outbound_state | send_to_chase | send_to_solar | solar_remote,
mpc_solarcar/telemetry_text_bridge_node.py,main,349,354,def main() -> None,TelemetryTextBridgeNode | node.destroy_node | rclpy.init | rclpy.shutdown | rclpy.spin,,
mpc_solarcar/wind_correction_node.py,_timestamp_ns,16,17,def _timestamp_ns(value) -> int,int | pd.Timestamp,,
mpc_solarcar/wind_correction_node.py,WindCorrectionNode.__init__,21,62,def __init__(self) -> None,NormalDist | Path | __init__ | bool | expanduser | float | info | inv_cdf | max | min | self.create_publisher | self.create_subscription | self.create_timer | self.declare_parameter | self.get_logger | self.get_parameter | str | super,_on_headwind | _on_s | _step | create_publisher | create_subscription | create_timer | declare_parameter | get_logger | get_parameter,base_df | base_mtime | confidence_z | corrected_csv | correlation_distance_km | correlation_time_h | forecast_csv | forecast_sigma0 | forecast_time_tz | latest_bias | latest_headwind | latest_s_km | measurement_sigma | min_sigma | planning_quantile | pub_headwind | pub_status | quantile_z | timer | use_exp_distance_decay | variance_growth
mpc_solarcar/wind_correction_node.py,WindCorrectionNode._on_headwind,64,65,"def _on_headwind(self, msg: Float32) -> None",float,,latest_headwind
mpc_solarcar/wind_correction_node.py,WindCorrectionNode._on_s,67,68,"def _on_s(self, msg: Float32) -> None",float,,latest_s_km
mpc_solarcar/wind_correction_node.py,WindCorrectionNode._load_base,70,89,def _load_base(self) -> None,dt.tz_convert | getattr | os.path.getmtime | pd.read_csv | pd.to_datetime | t.dt.tz_convert | t.dt.tz_localize,forecast_csv | forecast_time_tz,base_df | base_mtime
mpc_solarcar/wind_correction_node.py,WindCorrectionNode._interp_headwind_now,91,103,"def _interp_headwind_now(self, now_utc: datetime) -> float",any | float | int | len | max | min | notna | pd.Timestamp | row.get | searchsorted,base_df,
mpc_solarcar/wind_correction_node.py,WindCorrectionNode._step,105,151,def _step(self) -> None,Float32 | String | abs | astimezone | corrected_values.append | datetime.now | df.copy | df.get | df.itertuples | dt.strftime | dt.tz_convert | fillna | float | getattr | len | math.exp | math.isfinite | math.sqrt | max | out.to_csv | pd.Timedelta | pd.Timestamp | pd.api.types.is_datetime64_any_dtype | pd.to_numeric | range | self._interp_headwind_now | self._load_base | self.base_df.copy | self.corrected_csv.parent.mkdir | self.pub_headwind.publish | self.pub_status.publish | sigma_values.append | to_pydatetime | total_seconds,_interp_headwind_now | _load_base | base_df | confidence_z | corrected_csv | correlation_distance_km | correlation_time_h | forecast_sigma0 | forecast_time_tz | latest_headwind | latest_s_km | measurement_sigma | min_sigma | pub_headwind | pub_status | quantile_z | use_exp_distance_decay | variance_growth,latest_bias
mpc_solarcar/wind_correction_node.py,main,154,159,def main() -> None,WindCorrectionNode | node.destroy_node | rclpy.init | rclpy.shutdown | rclpy.spin,,
mpc_solarcar/solar_logger_node.py,SolarLoggerNode.__init__,86,137,def __init__(self),ARRAY_TOPICS.items | ARRAY_TOPICS.values | FLOAT64_TOPICS.items | FLOAT_TOPICS.items | STRING_TOPICS.items | __init__ | csv.DictWriter | datetime.now | float | info | int | list | max | open | os.fspath | os.makedirs | os.path.join | self._set_array | self._set_float | self._set_string | self._topic_subscriptions.append | self.create_subscription | self.create_timer | self.csv_file.flush | self.declare_parameter | self.get_logger | self.get_parameter | self.writer.writeheader | str | strftime | super,_set_array | _set_float | _set_string | _write_row | create_subscription | create_timer | declare_parameter | get_logger | get_parameter,_topic_subscriptions | csv_file | fields | flush_every_rows | latest | log_path | rows_since_flush | timer | writer
mpc_solarcar/solar_logger_node.py,SolarLoggerNode._set_float,139,146,"def _set_float(self, field)",float,latest,
mpc_solarcar/solar_logger_node.py,SolarLoggerNode._set_string,148,152,"def _set_string(self, field)",replace | str,latest,
mpc_solarcar/solar_logger_node.py,SolarLoggerNode._set_array,154,160,"def _set_array(self, fields)",enumerate | float | len | list,latest,
mpc_solarcar/solar_logger_node.py,SolarLoggerNode._clean_float,163,168,def _clean_float(value),float | math.isfinite,,
mpc_solarcar/solar_logger_node.py,SolarLoggerNode._write_row,170,181,def _write_row(self),datetime.now | isoformat | now | self._clean_float | self.csv_file.flush | self.get_clock | self.latest.get | self.writer.writerow | str,_clean_float | csv_file | fields | flush_every_rows | get_clock | latest | writer,rows_since_flush
mpc_solarcar/solar_logger_node.py,SolarLoggerNode.destroy_node,183,189,def destroy_node(self),destroy_node | self.csv_file.close | self.csv_file.flush | super,csv_file,
mpc_solarcar/solar_logger_node.py,main,192,199,def main(),SolarLoggerNode | node.destroy_node | rclpy.init | rclpy.shutdown | rclpy.spin,,
mpc_solarcar/dashboard_node.py,DashboardHandler.__init__,20,22,"def __init__(self, *args, node=None, directory=None, **kwargs)",__init__ | super,,_node
mpc_solarcar/dashboard_node.py,DashboardHandler.do_GET,24,31,def do_GET(self),do_GET | self._node.get_prometheus_metrics | self._node.get_state | self._send_json | self._send_metrics | self.path.startswith | super,_node | _send_json | _send_metrics | path,
mpc_solarcar/dashboard_node.py,DashboardHandler.log_message,33,35,"def log_message(self, format, *args)",,,
mpc_solarcar/dashboard_node.py,DashboardHandler._send_json,37,43,"def _send_json(self, data)",encode | json.dumps | len | self.end_headers | self.send_header | self.send_response | self.wfile.write | str,end_headers | send_header | send_response | wfile,
mpc_solarcar/dashboard_node.py,DashboardHandler._send_metrics,45,52,"def _send_metrics(self, payload)",len | payload.encode | self.end_headers | self.send_header | self.send_response | self.wfile.write | str,end_headers | send_header | send_response | wfile,
mpc_solarcar/dashboard_node.py,DashboardNode.__init__,56,154,def __init__(self),ThreadingHTTPServer | __init__ | error | float | get_package_share_directory | info | int | os.path.abspath | os.path.dirname | os.path.join | partial | self._init_dummy | self._server_thread.start | self.create_subscription | self.declare_parameter | self.get_logger | self.get_parameter | str | strip | super | threading.Lock | threading.Thread | time.time,_init_dummy | _on_drive_mode | _on_env | _on_gps | _on_health | _on_ibatt | _on_lower_plan | _on_metrics | _on_mpc_state | _on_path | _on_s_km | _on_soc | _on_speed_cmd | _on_speed_meas | _on_status | _on_sys_diag | _on_sys_state | _on_tb | _on_throttle_cmd | _on_upper_plan | _on_upper_speed_cmd | _on_vbatt | create_subscription | declare_parameter | get_logger | get_parameter,_lock | _server | _server_thread | _soc_meas_monotonic | _state
mpc_solarcar/dashboard_node.py,DashboardNode.destroy_node,156,163,def destroy_node(self),destroy_node | self._server.server_close | self._server.shutdown | super,_server,
mpc_solarcar/dashboard_node.py,DashboardNode.get_state,165,167,def get_state(self),dict,_lock | _state,
mpc_solarcar/dashboard_node.py,DashboardNode.get_prometheus_metrics,169,234,def get_prometheus_metrics(self),dict | float | join | lines.extend | math.isfinite | max | metric_keys.items | replace | state.get | str | time.time,_lock | _state,
mpc_solarcar/dashboard_node.py,DashboardNode._update,236,239,"def _update(self, key, value)",time.time,_lock | _state,
mpc_solarcar/dashboard_node.py,DashboardNode._on_speed_cmd,241,242,"def _on_speed_cmd(self, msg: Float32)",float | self._update,_update,
mpc_solarcar/dashboard_node.py,DashboardNode._on_upper_speed_cmd,244,245,"def _on_upper_speed_cmd(self, msg: Float32)",float | self._update,_update,
mpc_solarcar/dashboard_node.py,DashboardNode._on_speed_meas,247,248,"def _on_speed_meas(self, msg: Float32)",float | self._update,_update,
mpc_solarcar/dashboard_node.py,DashboardNode._on_throttle_cmd,250,251,"def _on_throttle_cmd(self, msg: Float32)",float | self._update,_update,
mpc_solarcar/dashboard_node.py,DashboardNode._on_drive_mode,253,254,"def _on_drive_mode(self, msg: String)",self._update | str,_update,
mpc_solarcar/dashboard_node.py,DashboardNode._on_soc,256,262,"def _on_soc(self, msg: Float32)",float | time.monotonic | time.time,_lock | _state,_soc_meas_monotonic
mpc_solarcar/dashboard_node.py,DashboardNode._set_estimated_soc,264,271,"def _set_estimated_soc(self, value)",float | time.monotonic,_soc_meas_monotonic | _state,
mpc_solarcar/dashboard_node.py,DashboardNode._on_tb,273,274,"def _on_tb(self, msg: Float32)",float | self._update,_update,
mpc_solarcar/dashboard_node.py,DashboardNode._on_ibatt,276,277,"def _on_ibatt(self, msg: Float32)",float | self._update,_update,
mpc_solarcar/dashboard_node.py,DashboardNode._on_vbatt,279,280,"def _on_vbatt(self, msg: Float32)",float | self._update,_update,
mpc_solarcar/dashboard_node.py,DashboardNode._on_s_km,282,283,"def _on_s_km(self, msg: Float32)",float | self._update,_update,
mpc_solarcar/dashboard_node.py,DashboardNode._on_status,285,299,"def _on_status(self, msg: Float32MultiArray)",float | len | list | self._set_estimated_soc | time.time,_lock | _set_estimated_soc | _state,
mpc_solarcar/dashboard_node.py,DashboardNode._on_env,301,311,"def _on_env(self, msg: Float32MultiArray)",float | len | list | time.time,_lock | _state,
mpc_solarcar/dashboard_node.py,DashboardNode._on_metrics,313,331,"def _on_metrics(self, msg: Float32MultiArray)",float | len | list | self._set_estimated_soc | time.time,_lock | _set_estimated_soc | _state,
mpc_solarcar/dashboard_node.py,DashboardNode._on_upper_plan,333,342,"def _on_upper_plan(self, msg: Float32MultiArray)",float | len | list | time.time,_lock | _state,
mpc_solarcar/dashboard_node.py,DashboardNode._on_lower_plan,344,353,"def _on_lower_plan(self, msg: Float32MultiArray)",float | len | list | time.time,_lock | _state,
mpc_solarcar/dashboard_node.py,DashboardNode._on_sys_state,355,356,"def _on_sys_state(self, msg: String)",self._update | str,_update,
mpc_solarcar/dashboard_node.py,DashboardNode._on_sys_diag,358,359,"def _on_sys_diag(self, msg: String)",self._update | str,_update,
mpc_solarcar/dashboard_node.py,DashboardNode._on_mpc_state,361,362,"def _on_mpc_state(self, msg: String)",self._update | str,_update,
mpc_solarcar/dashboard_node.py,DashboardNode._on_health,364,365,"def _on_health(self, msg: Float32)",float | self._update,_update,
mpc_solarcar/dashboard_node.py,DashboardNode._on_gps,367,371,"def _on_gps(self, msg: NavSatFix)",float | time.time,_lock | _state,
mpc_solarcar/dashboard_node.py,DashboardNode._on_path,373,377,"def _on_path(self, msg: Path)",len | time.time,_lock | _state,
mpc_solarcar/dashboard_node.py,DashboardNode._init_dummy,379,393,"def _init_dummy(self, path: str, rate_hz: float)",df.to_dict | error | info | len | max | pd.read_csv | self.create_timer | self.get_logger,_tick_dummy | create_timer | get_logger,_dummy_idx | _dummy_rows | _dummy_timer
mpc_solarcar/dashboard_node.py,DashboardNode._tick_dummy,395,406,def _tick_dummy(self),float | hasattr | len | row.items | time.time,_dummy_rows | _lock | _state,_dummy_idx
mpc_solarcar/dashboard_node.py,main,409,414,def main(),DashboardNode | node.destroy_node | rclpy.init | rclpy.shutdown | rclpy.spin,,
setup.py,collect_data_files,8,21,"def collect_data_files(src_dir, *, excluded_dirs=())",collected.append | os.path.isdir | os.path.join | os.walk,,
