,0.0,1.0,2.0,3.0,4.0,5.0,6.0,7.0,8.0,9.0,10.0,11.0,12.0,13.0,14.0,15.0,16.0,17.0,18.0,19.0,20.0,21.0,22.0,23.0,24.0,25.0,26.0,27.0,28.0,29.0,30.0,31.0,32.0,33.0,34.0,35.0,36.0,37.0,38.0,39.0,40.0,41.0,42.0,43.0,44.0,45.0
5.555555555555555,0.3479571877137289,0.42956795242732826,0.5884537573248281,0.659846711476011,0.6916301598259466,0.7185035778755642,0.7379229913445398,0.7499148132435763,0.7580848262570469,0.7654981428270262,0.772464399530133,0.7761746976175473,0.7798849957049616,0.7829011097100813,0.7850452086873424,0.7871893076646035,0.7888698816298573,0.7901922178417348,0.7915145540536124,0.7923071176027205,0.7930320075130872,0.793727057280881,0.7940823114049665,0.7944375655290522,0.7946828960467675,0.7946910907607578,0.7946992854747481,0.7945575230791022,0.7941883676836432,0.7938192122881843,0.7934500568927253,0.7930809014972664,0.7927117461018075,0.7923425907063485,0.7918996286302746,0.7911856818282134,0.7904717350261521,0.7897577882240908,0.7890438414220295,0.7883298946199682,0.7876159478179069,0.7869020010158457,0.7867982848929901,0.7867982848929901,0.7867982848929901,0.7867982848929901
6.944444444444445,0.3479571877137289,0.42956795242732826,0.5884537573248281,0.659846711476011,0.6916301598259466,0.7185035778755642,0.7379229913445398,0.7499148132435763,0.7580848262570469,0.7654981428270262,0.772464399530133,0.7761746976175473,0.7798849957049616,0.7829011097100813,0.7850452086873424,0.7871893076646035,0.7888698816298573,0.7901922178417348,0.7915145540536124,0.7923071176027205,0.7930320075130872,0.793727057280881,0.7940823114049665,0.7944375655290522,0.7946828960467675,0.7946910907607578,0.7946992854747481,0.7945575230791022,0.7941883676836432,0.7938192122881843,0.7934500568927253,0.7930809014972664,0.7927117461018075,0.7923425907063485,0.7918996286302746,0.7911856818282134,0.7904717350261521,0.7897577882240908,0.7890438414220295,0.7883298946199682,0.7876159478179069,0.7869020010158457,0.7867982848929901,0.7867982848929901,0.7867982848929901,0.7867982848929901
8.333333333333334,0.3479571877137289,0.42956795242732826,0.5884537573248281,0.659846711476011,0.6916301598259466,0.7185035778755642,0.7379229913445398,0.7499148132435763,0.7580848262570469,0.7654981428270262,0.772464399530133,0.7761746976175473,0.7798849957049616,0.7829011097100813,0.7850452086873424,0.7871893076646035,0.7888698816298573,0.7901922178417348,0.7915145540536124,0.7923071176027205,0.7930320075130872,0.793727057280881,0.7940823114049665,0.7944375655290522,0.7946828960467675,0.7946910907607578,0.7946992854747481,0.7945575230791022,0.7941883676836432,0.7938192122881843,0.7934500568927253,0.7930809014972664,0.7927117461018075,0.7923425907063485,0.7918996286302746,0.7911856818282134,0.7904717350261521,0.7897577882240908,0.7890438414220295,0.7883298946199682,0.7876159478179069,0.7869020010158457,0.7867982848929901,0.7867982848929901,0.7867982848929901,0.7867982848929901
9.722222222222221,0.3479571877137289,0.42956795242732826,0.5884537573248281,0.659846711476011,0.6916301598259466,0.7185035778755642,0.7379229913445398,0.7499148132435763,0.7580848262570469,0.7654981428270262,0.772464399530133,0.7761746976175473,0.7798849957049616,0.7829011097100813,0.7850452086873424,0.7871893076646035,0.7888698816298573,0.7901922178417348,0.7915145540536124,0.7923071176027205,0.7930320075130872,0.793727057280881,0.7940823114049665,0.7944375655290522,0.7946828960467675,0.7946910907607578,0.7946992854747481,0.7945575230791022,0.7941883676836432,0.7938192122881843,0.7934500568927253,0.7930809014972664,0.7927117461018075,0.7923425907063485,0.7918996286302746,0.7911856818282134,0.7904717350261521,0.7897577882240908,0.7890438414220295,0.7883298946199682,0.7876159478179069,0.7869020010158457,0.7867982848929901,0.7867982848929901,0.7867982848929901,0.7867982848929901
11.11111111111111,0.3479571877137289,0.42956795242732826,0.5884537573248281,0.659846711476011,0.6916301598259466,0.7185035778755642,0.7379229913445398,0.7499148132435763,0.7580848262570469,0.7654981428270262,0.772464399530133,0.7761746976175473,0.7798849957049616,0.7829011097100813,0.7850452086873424,0.7871893076646035,0.7888698816298573,0.7901922178417348,0.7915145540536124,0.7923071176027205,0.7930320075130872,0.793727057280881,0.7940823114049665,0.7944375655290522,0.7946828960467675,0.7946910907607578,0.7946992854747481,0.7945575230791022,0.7941883676836432,0.7938192122881843,0.7934500568927253,0.7930809014972664,0.7927117461018075,0.7923425907063485,0.7918996286302746,0.7911856818282134,0.7904717350261521,0.7897577882240908,0.7890438414220295,0.7883298946199682,0.7876159478179069,0.7869020010158457,0.7867982848929901,0.7867982848929901,0.7867982848929901,0.7867982848929901
12.5,0.3479571877137289,0.42956795242732826,0.5884537573248281,0.659846711476011,0.6916301598259466,0.7185035778755642,0.7379229913445398,0.7499148132435763,0.7580848262570469,0.7654981428270262,0.772464399530133,0.7761746976175473,0.7798849957049616,0.7829011097100813,0.7850452086873424,0.7871893076646035,0.7888698816298573,0.7901922178417348,0.7915145540536124,0.7923071176027205,0.7930320075130872,0.793727057280881,0.7940823114049665,0.7944375655290522,0.7946828960467675,0.7946910907607578,0.7946992854747481,0.7945575230791022,0.7941883676836432,0.7938192122881843,0.7934500568927253,0.7930809014972664,0.7927117461018075,0.7923425907063485,0.7918996286302746,0.7911856818282134,0.7904717350261521,0.7897577882240908,0.7890438414220295,0.7883298946199682,0.7876159478179069,0.7869020010158457,0.7867982848929901,0.7867982848929901,0.7867982848929901,0.7867982848929901
13.88888888888889,0.3479571877137289,0.42956795242732826,0.5884537573248281,0.659846711476011,0.6916301598259466,0.7185035778755642,0.7379229913445398,0.7499148132435763,0.7580848262570469,0.7654981428270262,0.772464399530133,0.7761746976175473,0.7798849957049616,0.7829011097100813,0.7850452086873424,0.7871893076646035,0.7888698816298573,0.7901922178417348,0.7915145540536124,0.7923071176027205,0.7930320075130872,0.793727057280881,0.7940823114049665,0.7944375655290522,0.7946828960467675,0.7946910907607578,0.7946992854747481,0.7945575230791022,0.7941883676836432,0.7938192122881843,0.7934500568927253,0.7930809014972664,0.7927117461018075,0.7923425907063485,0.7918996286302746,0.7911856818282134,0.7904717350261521,0.7897577882240908,0.7890438414220295,0.7883298946199682,0.7876159478179069,0.7869020010158457,0.7867982848929901,0.7867982848929901,0.7867982848929901,0.7867982848929901
15.277777777777777,0.3479571877137289,0.42956795242732826,0.5884537573248281,0.659846711476011,0.6916301598259466,0.7185035778755642,0.7379229913445398,0.7499148132435763,0.7580848262570469,0.7654981428270262,0.772464399530133,0.7761746976175473,0.7798849957049616,0.7829011097100813,0.7850452086873424,0.7871893076646035,0.7888698816298573,0.7901922178417348,0.7915145540536124,0.7923071176027205,0.7930320075130872,0.793727057280881,0.7940823114049665,0.7944375655290522,0.7946828960467675,0.7946910907607578,0.7946992854747481,0.7945575230791022,0.7941883676836432,0.7938192122881843,0.7934500568927253,0.7930809014972664,0.7927117461018075,0.7923425907063485,0.7918996286302746,0.7911856818282134,0.7904717350261521,0.7897577882240908,0.7890438414220295,0.7883298946199682,0.7876159478179069,0.7869020010158457,0.7867982848929901,0.7867982848929901,0.7867982848929901,0.7867982848929901
16.666666666666668,0.3479571877137289,0.42956795242732826,0.5884537573248281,0.659846711476011,0.6916301598259466,0.7185035778755642,0.7379229913445398,0.7499148132435763,0.7580848262570469,0.7654981428270262,0.772464399530133,0.7761746976175473,0.7798849957049616,0.7829011097100813,0.7850452086873424,0.7871893076646035,0.7888698816298573,0.7901922178417348,0.7915145540536124,0.7923071176027205,0.7930320075130872,0.793727057280881,0.7940823114049665,0.7944375655290522,0.7946828960467675,0.7946910907607578,0.7946992854747481,0.7945575230791022,0.7941883676836432,0.7938192122881843,0.7934500568927253,0.7930809014972664,0.7927117461018075,0.7923425907063485,0.7918996286302746,0.7911856818282134,0.7904717350261521,0.7897577882240908,0.7890438414220295,0.7883298946199682,0.7876159478179069,0.7869020010158457,0.7867982848929901,0.7867982848929901,0.7867982848929901,0.7867982848929901
18.055555555555554,0.3479571877137289,0.42956795242732826,0.5884537573248281,0.659846711476011,0.6916301598259466,0.7185035778755642,0.7379229913445398,0.7499148132435763,0.7580848262570469,0.7654981428270262,0.772464399530133,0.7761746976175473,0.7798849957049616,0.7829011097100813,0.7850452086873424,0.7871893076646035,0.7888698816298573,0.7901922178417348,0.7915145540536124,0.7923071176027205,0.7930320075130872,0.793727057280881,0.7940823114049665,0.7944375655290522,0.7946828960467675,0.7946910907607578,0.7946992854747481,0.7945575230791022,0.7941883676836432,0.7938192122881843,0.7934500568927253,0.7930809014972664,0.7927117461018075,0.7923425907063485,0.7918996286302746,0.7911856818282134,0.7904717350261521,0.7897577882240908,0.7890438414220295,0.7883298946199682,0.7876159478179069,0.7869020010158457,0.7867982848929901,0.7867982848929901,0.7867982848929901,0.7867982848929901
19.444444444444443,0.3479571877137289,0.42956795242732826,0.5884537573248281,0.659846711476011,0.6916301598259466,0.7185035778755642,0.7379229913445398,0.7499148132435763,0.7580848262570469,0.7654981428270262,0.772464399530133,0.7761746976175473,0.7798849957049616,0.7829011097100813,0.7850452086873424,0.7871893076646035,0.7888698816298573,0.7901922178417348,0.7915145540536124,0.7923071176027205,0.7930320075130872,0.793727057280881,0.7940823114049665,0.7944375655290522,0.7946828960467675,0.7946910907607578,0.7946992854747481,0.7945575230791022,0.7941883676836432,0.7938192122881843,0.7934500568927253,0.7930809014972664,0.7927117461018075,0.7923425907063485,0.7918996286302746,0.7911856818282134,0.7904717350261521,0.7897577882240908,0.7890438414220295,0.7883298946199682,0.7876159478179069,0.7869020010158457,0.7867982848929901,0.7867982848929901,0.7867982848929901,0.7867982848929901
20.833333333333332,0.34779611486834605,0.42943860371187553,0.5882479833540911,0.6596482896142425,0.6915182271393608,0.7184029106963397,0.7378002095943551,0.7497990593084265,0.7579875864377508,0.7654091757321929,0.77237667084138,0.7760993377062045,0.7798178568589179,0.7828346195867661,0.7849832976655968,0.7871273263204092,0.7888104549279006,0.7901340325888889,0.7914575408188878,0.7922499419144814,0.7929749742846557,0.7936703699249615,0.7940282862225154,0.7943860904570055,0.7946306582390235,0.7946397067121104,0.7946487551851973,0.7945088687683347,0.7941431278984787,0.7937764889419778,0.7934098499854769,0.7930432110289759,0.7926765720724751,0.7923099331159742,0.7918699906003316,0.7911609105930368,0.7904518305857422,0.7897427505784474,0.7890336705711526,0.788324590563858,0.7876155105565632,0.7869064305492685,0.7868034214329886,0.7868034214329886,0.7868034214329886,0.7868034214329886
22.22222222222222,0.34423429524212923,0.4265783028819605,0.5836976833591222,0.6552605675259072,0.6890430486637563,0.7161768474898099,0.7350851247114282,0.7472393811885747,0.7558373127774359,0.7634418376392258,0.7704367177435096,0.7744328965962028,0.778333208972109,0.7813643169692741,0.7836142531701809,0.785756726777784,0.7874963464396113,0.7888473763865343,0.7901968015681856,0.790985610313283,0.791713792911155,0.7924168368642361,0.7928336220647737,0.7932478171407228,0.793475518473468,0.7935034462051836,0.7935313739368994,0.7934329712228477,0.7931427360925126,0.7928317433974751,0.7925207507024377,0.7922097580074002,0.7918987653123628,0.7915877726173254,0.7912146019376274,0.7906131418402872,0.790011681742947,0.7894102216456067,0.7888087615482665,0.7882073014509262,0.787605841353586,0.7870043812562458,0.786917006245715,0.786917006245715,0.786917006245715,0.786917006245715
23.61111111111111,0.3406724756159125,0.4237180020520455,0.5791473833641533,0.6508728454375718,0.6865678701881518,0.7139507842832802,0.7323700398285014,0.7446797030687228,0.7536870391171211,0.7614744995462585,0.7684967646456393,0.772766455486201,0.7768485610853,0.779894014351782,0.7822452086747648,0.7843861272351591,0.786182237951322,0.7875607201841799,0.7889360623174836,0.7897212787120844,0.7904526115376541,0.7911633038035107,0.7916389579070321,0.7921095438244403,0.7923203787079125,0.792367185698257,0.7924139926886016,0.7923570736773605,0.7921423442865465,0.7918869978529726,0.7916316514193985,0.7913763049858246,0.7911209585522505,0.7908656121186766,0.790559213274923,0.7900653730875374,0.7895715329001517,0.789077692712766,0.7885838525253802,0.7880900123379946,0.7875961721506088,0.7871023319632233,0.7870305910584413,0.7870305910584413,0.7870305910584413,0.7870305910584413
25.0,0.33711065598969575,0.42085770122213045,0.5745970833691845,0.6464851233492366,0.6840926917125473,0.7117247210767504,0.7296549549455744,0.7421200249488711,0.7515367654568063,0.7595071614532913,0.766556811547769,0.7711000143761996,0.7753639131984911,0.7784237117342899,0.7808761641793487,0.7830155276925339,0.7848681294630329,0.7862740639818253,0.7876753230667817,0.788456947110886,0.7891914301641533,0.7899097707427855,0.7904442937492905,0.7909712705081576,0.791165238942357,0.7912309251913303,0.7912966114403037,0.7912811761318734,0.7911419524805802,0.7909422523084697,0.7907425521363592,0.7905428519642487,0.7903431517921384,0.790143451620028,0.7899038246122189,0.7895176043347877,0.7891313840573564,0.7887451637799253,0.7883589435024941,0.7879727232250628,0.7875865029476317,0.7872002826702006,0.7871441758711678,0.7871441758711678,0.7871441758711678,0.7871441758711678
26.38888888888889,0.33354883636347904,0.4179974003922156,0.5700467833742157,0.6420974012609013,0.6816175132369429,0.7094986578702209,0.7269398700626476,0.7395603468290194,0.7493864917964916,0.7575398233603241,0.7646168584498988,0.7694335732661979,0.7738792653116822,0.7769534091167979,0.7795071196839328,0.7816449281499092,0.7835540209747437,0.7849874077794708,0.7864145838160798,0.7871926155096877,0.7879302487906527,0.7886562376820603,0.7892496295915489,0.7898329971918752,0.7900100991768015,0.7900946646844038,0.790179230192006,0.7902052785863867,0.7901415606746142,0.7899975067639671,0.7898534528533201,0.7897093989426731,0.7895653450320261,0.7894212911213792,0.7892484359495147,0.788969835582038,0.7886912352145613,0.7884126348470846,0.788134034479608,0.7878554341121312,0.7875768337446546,0.7872982333771781,0.7872577606838941,0.7872577606838941,0.7872577606838941,0.7872577606838941
27.77777777777778,0.32998701673726233,0.4151370995623006,0.5654964833792467,0.6377096791725659,0.6791423347613383,0.7072725946636912,0.7242247851797208,0.7370006687091676,0.7472362181361768,0.7555724852673569,0.7626769053520285,0.7677671321561962,0.7723946174248734,0.7754831064993059,0.7781380751885169,0.7802743286072841,0.7822399124864545,0.7837007515771164,0.7851538445653777,0.7859282839084891,0.7866690674171517,0.7874027046213348,0.7880549654338072,0.7886947238755926,0.7888549594112461,0.7889584041774771,0.7890618489437081,0.7891293810408996,0.7891411688686479,0.7890527612194644,0.788964353570281,0.7888759459210974,0.788787538271914,0.7886991306227303,0.7885930472868103,0.7884220668292883,0.7882510863717661,0.7880801059142439,0.7879091254567218,0.7877381449991997,0.7875671645416775,0.7873961840841555,0.7873713454966205,0.7873713454966205,0.7873713454966205,0.7873713454966205
29.166666666666664,0.3264251971110456,0.4122767987323856,0.5609461833842779,0.6333219570842307,0.6766671562857339,0.7050465314571616,0.721509700296794,0.7344409905893159,0.745085944475862,0.7536051471743898,0.7607369522541583,0.7661006910461945,0.7709099695380643,0.7740128038818137,0.7767690306931008,0.7789037290646591,0.7809258039981652,0.7824140953747619,0.7838931053146757,0.7846639523072908,0.7854078860436511,0.7861491715606096,0.7868603012760655,0.78755645055931,0.7876998196456906,0.7878221436705506,0.7879444676954104,0.7880534834954126,0.7881407770626818,0.7881080156749618,0.7880752542872417,0.7880424928995218,0.7880097315118016,0.7879769701240815,0.787937658624106,0.7878742980765384,0.7878109375289708,0.7877475769814033,0.7876842164338357,0.7876208558862681,0.7875574953387005,0.7874941347911328,0.7874849303093467,0.7874849303093467,0.7874849303093467,0.7874849303093467
30.555555555555554,0.3243281981268468,0.410592814543325,0.5582672227774532,0.630738713201115,0.6752099104693402,0.7037359506943133,0.7199112110865027,0.7329339961369027,0.7438199843333998,0.7524468892008073,0.7595948170248266,0.765119584285712,0.770035892398499,0.7731471724296617,0.7759630143257702,0.7780967971730292,0.7801521308607648,0.7816565845986712,0.7831508529814576,0.7839195850002298,0.7846653734134057,0.7854111618265813,0.7861569502397572,0.7868862992775281,0.7870197383475956,0.7871531774176633,0.7872866164877309,0.7874200555577984,0.7875518026560413,0.7875518026560413,0.7875518026560413,0.7875518026560413,0.7875518026560413,0.7875518026560413,0.7875518026560413,0.7875518026560413,0.7875518026560413,0.7875518026560413,0.7875518026560413,0.7875518026560413,0.7875518026560413,0.7875518026560413,0.7875518026560413,0.7875518026560413,0.7875518026560413,0.7875518026560413
31.944444444444443,0.3243281981268468,0.410592814543325,0.5582672227774532,0.630738713201115,0.6752099104693402,0.7037359506943133,0.7199112110865027,0.7329339961369027,0.7438199843333998,0.7524468892008073,0.7595948170248266,0.765119584285712,0.770035892398499,0.7731471724296617,0.7759630143257702,0.7780967971730292,0.7801521308607648,0.7816565845986712,0.7831508529814576,0.7839195850002298,0.7846653734134057,0.7854111618265813,0.7861569502397572,0.7868862992775281,0.7870197383475956,0.7871531774176633,0.7872866164877309,0.7874200555577984,0.7875518026560413,0.7875518026560413,0.7875518026560413,0.7875518026560413,0.7875518026560413,0.7875518026560413,0.7875518026560413,0.7875518026560413,0.7875518026560413,0.7875518026560413,0.7875518026560413,0.7875518026560413,0.7875518026560413,0.7875518026560413,0.7875518026560413,0.7875518026560413,0.7875518026560413,0.7875518026560413
33.333333333333336,0.3243281981268468,0.410592814543325,0.5582672227774532,0.630738713201115,0.6752099104693402,0.7037359506943133,0.7199112110865027,0.7329339961369027,0.7438199843333998,0.7524468892008073,0.7595948170248266,0.765119584285712,0.770035892398499,0.7731471724296617,0.7759630143257702,0.7780967971730292,0.7801521308607648,0.7816565845986712,0.7831508529814576,0.7839195850002298,0.7846653734134057,0.7854111618265813,0.7861569502397572,0.7868862992775281,0.7870197383475956,0.7871531774176633,0.7872866164877309,0.7874200555577984,0.7875518026560413,0.7875518026560413,0.7875518026560413,0.7875518026560413,0.7875518026560413,0.7875518026560413,0.7875518026560413,0.7875518026560413,0.7875518026560413,0.7875518026560413,0.7875518026560413,0.7875518026560413,0.7875518026560413,0.7875518026560413,0.7875518026560413,0.7875518026560413,0.7875518026560413,0.7875518026560413
