path,category,workflow,role,outputs_exception,size_bytes,sha256
.gitignore,entry/build,install and dispatch,entry point or package metadata,,115,a08c8efc7ea2c90f4222b6743d84f6dcb5d3f36479303a92bc7faf51090ad2a1
config/solar/bwsc_2027_demo.yaml,demo configuration,demo ROS/simulation,workflow profile,,8097,05666ba32a1ee420b0396d09f708ee4fd22ca6ffff92e6362ba6061031a32e02
dashboard/app.js,dashboard,live/dashboard,static web application,,7930,0dfca0644ac78170ca034b09122fb254bca9a8fc140c43e4ce0ff037479ab637
dashboard/index.html,dashboard,live/dashboard,static web application,,5375,74904f2f732348762f5a4efd6b669b90776f38403f131d560369303f8d26f673
dashboard/style.css,dashboard,live/dashboard,static web application,,7314,164c2e4d1008cb854ca3c0f3822def6d452688cee767c32cc68a5c5f441780a8
grafana/dashboards/solarcar-ems.json,Grafana,grafana monitoring,provisioning/configuration,,11849,30cc734c4952501ef372442234edbd3ec719128d6e341c79743287b20f77297b
grafana/docker-compose.yml,Grafana,grafana monitoring,provisioning/configuration,,1111,470e514ddeb79804a678ae04601844b42c0a2d3913d3bd63aaa704a0940861fa
grafana/prometheus.yml,Grafana,grafana monitoring,provisioning/configuration,,241,a129cade82bbb904bed1b65dfb44ca3324a4d98ed4a0a7f3a9caf0a7c3c8a2ed
grafana/provisioning/dashboards/dashboards.yml,Grafana,grafana monitoring,provisioning/configuration,,229,c7021e5addbbec4bec753b10ac99961123e7c9eab9043d0c41ebb4cd03d1367d
grafana/provisioning/datasources/prometheus.yml,Grafana,grafana monitoring,provisioning/configuration,,255,898ab3ae540e6e113a34e5e1a795c3737624e3f2a823e46dacb71c7e805d8abb
inputs/external_docs/bwsc2025_20260713/analysis_zip/BWSC2025データ分析いろいろ/1.BWSC2025_YATA 修正 1 .xls,identification evidence,MLE/re-identification,declared evidence directory: external_documents,,915456,3c73964a01a6c0d4e76c30a7982d41f15cf15e99d8cc46b7a4c3931f01e0fd6a
inputs/external_docs/bwsc2025_20260713/analysis_zip/BWSC2025データ分析いろいろ/AllDay/BWSC2025 時系列別メモ.pdf,identification evidence,MLE/re-identification,declared evidence directory: external_documents,,826961,b7da5041ac107edd182e742be64261093f3fbe1c55c513376c02e9eb4654948e
inputs/external_docs/bwsc2025_20260713/analysis_zip/BWSC2025データ分析いろいろ/AllDay/BWSC2025時系列メモ.xlsx,identification evidence,MLE/re-identification,declared evidence directory: external_documents,,16151,e15193a167d07157f4f65ff4e175b10e69c0cef7bdd5e0d08e2f32e70b953a2f
inputs/external_docs/bwsc2025_20260713/analysis_zip/BWSC2025データ分析いろいろ/AllDay/Lap_Wh.csv,identification evidence,MLE/re-identification,declared evidence directory: external_documents,,3660,ba85f46fa6b3a8b5142195fd8f2f1444113f89556d539e1b8cc67bf1cd9ab674
inputs/external_docs/bwsc2025_20260713/analysis_zip/BWSC2025データ分析いろいろ/AllDay/ZP Data処理 全行程.xlsx,identification evidence,MLE/re-identification,declared evidence directory: external_documents,,4766069,e4630116189771dc86bacb511b76daecf2e02767adc0f946fd2e70ac15aceaab
inputs/external_docs/bwsc2025_20260713/analysis_zip/BWSC2025データ分析いろいろ/AllDay/レース中の書き込みデータ2025-BWSC-Route-Notes.pdf,identification evidence,MLE/re-identification,declared evidence directory: external_documents,,9437841,e50c20cde3801a33391b510573d3b0ceca3be04b4d999e2c166d0ba313dac928
inputs/external_docs/bwsc2025_20260713/analysis_zip/BWSC2025データ分析いろいろ/Day1/ZP_Data0824 1日目.csv,identification evidence,MLE/re-identification,declared evidence directory: external_documents,,492905,6dc87880fc93ec2fa06bcc733a5feac2fe23b14d702c105ae5d9e070524195af
inputs/external_docs/bwsc2025_20260713/analysis_zip/BWSC2025データ分析いろいろ/Day1/ZP_Data0824 1日目temperature.csv,identification evidence,MLE/re-identification,declared evidence directory: external_documents,,4737,da12c8e8cae0f7d50b38fe3d1b09b8eaa555def63697de7a0a689736bc648254
inputs/external_docs/bwsc2025_20260713/analysis_zip/BWSC2025データ分析いろいろ/Day1/ZP_Data0824day1.csv,identification evidence,MLE/re-identification,declared evidence directory: external_documents,,299007,c0386cfa8f4c1f63702b42e18f94b08749dacc2405c91471f9cb2ce1f3d9cc12
inputs/external_docs/bwsc2025_20260713/analysis_zip/BWSC2025データ分析いろいろ/Day2/data_times.csv,identification evidence,MLE/re-identification,declared evidence directory: external_documents,,120660,7bbe16a085fefb67c97d49dcd6ef7a9ba5125358810d5a13e0e413987aa9081d
inputs/external_docs/bwsc2025_20260713/analysis_zip/BWSC2025データ分析いろいろ/Day2/ZP_Data0825 2日目.csv,identification evidence,MLE/re-identification,declared evidence directory: external_documents,,313957,321c0b31d2338dd98d6138392fd247c4f0c9fe62a2da2af73bec2122850a7d44
inputs/external_docs/bwsc2025_20260713/analysis_zip/BWSC2025データ分析いろいろ/Day2/ZP_Data0825day2.csv,identification evidence,MLE/re-identification,declared evidence directory: external_documents,,334626,3799272691cb2220b117b973df295e322b89db10e1e8adc5da00f3910c41f107
inputs/external_docs/bwsc2025_20260713/analysis_zip/BWSC2025データ分析いろいろ/Day3/ZP_Data0826 3日目.csv,identification evidence,MLE/re-identification,declared evidence directory: external_documents,,305567,3b2ba8cc74b607c91bd785f670f6e8bc71f13017816237d0f2d859dad3506cee
inputs/external_docs/bwsc2025_20260713/analysis_zip/BWSC2025データ分析いろいろ/Day3/ZP_Data0826day3.csv,identification evidence,MLE/re-identification,declared evidence directory: external_documents,,325375,9f011784dc65d83634bcd9399663fdebd99ec497aa73aff1c7eb0d7d518846d2
inputs/external_docs/bwsc2025_20260713/analysis_zip/BWSC2025データ分析いろいろ/Day4/ZP_Data0827 4日目.csv,identification evidence,MLE/re-identification,declared evidence directory: external_documents,,314516,dddeef71bf69487e94b562a4d4406cc73d59f8644b5260f863a9c7cb58ac2d57
inputs/external_docs/bwsc2025_20260713/analysis_zip/BWSC2025データ分析いろいろ/Day4/ZP_Data0827day4.csv,identification evidence,MLE/re-identification,declared evidence directory: external_documents,,335336,5ec9c32446085bbf703d4de922f7b0f0901f7322ec8007618e318588c5db99a8
"inputs/external_docs/bwsc2025_20260713/analysis_zip/BWSC2025データ分析いろいろ/Day5,6充電記録データ.xlsx",identification evidence,MLE/re-identification,declared evidence directory: external_documents,,13450,dab9574ad97e9a7edb9e21ca9031f333702e3dc4d33158ace9a8ce58be59f4e4
inputs/external_docs/bwsc2025_20260713/analysis_zip/BWSC2025データ分析いろいろ/Day5/ZP_Data0828 5日目.csv,identification evidence,MLE/re-identification,declared evidence directory: external_documents,,313837,7e05e63cfc819c634df7dca7ad70ffd57f063760eb5d493defdef1d27ae0c4ec
inputs/external_docs/bwsc2025_20260713/analysis_zip/BWSC2025データ分析いろいろ/Day5/ZP_Data0828day5.csv,identification evidence,MLE/re-identification,declared evidence directory: external_documents,,315851,57e4dadd2657dfa8b785ac1d30bcdb599b0738e8ab38154b6605436bce69ac22
inputs/external_docs/bwsc2025_20260713/analysis_zip/BWSC2025データ分析いろいろ/Day6/10km_Data0829day6.csv,identification evidence,MLE/re-identification,declared evidence directory: external_documents,,611,4dd323f14e34794dfc8499a07d2a814223cb1c2c307d0283c9371573d8904ea9
inputs/external_docs/bwsc2025_20260713/analysis_zip/BWSC2025データ分析いろいろ/Day6/ZP_Datayosen 6日目.csv,identification evidence,MLE/re-identification,declared evidence directory: external_documents,,42657,8d608edc906522f536f4c11a0fa832aa575a117b11097a9d9c605f62423899c3
inputs/external_docs/bwsc2025_20260713/analysis_zip/BWSC2025データ分析いろいろ/MPF4279xシリーズによる正確な充電状態の判断 (パートI).url,identification evidence,MLE/re-identification,declared evidence directory: external_documents,,277,407b7f82ab683c35552bee6bc9b2e7be3b056a14b31ce27ee65e6459d5c7fc65
inputs/external_docs/bwsc2025_20260713/analysis_zip/BWSC2025データ分析いろいろ/WSC_20230915_和歌山大学様_M2096_特性データ (1).xlsx,identification evidence,MLE/re-identification,declared evidence directory: external_documents,,438796,2ecdc2b9ed3e0fdee4137c83d9fe52a311aede5679ddf6570211f5941a0efba1
inputs/external_docs/bwsc2025_20260713/analysis_zip/BWSC2025データ分析いろいろ/ZP_Data_20231023.csv,identification evidence,MLE/re-identification,declared evidence directory: external_documents,,83240,5c641b924103089dd8f5b90b3d2418d24ae1f1ff1bbc277157e14ece17b55844
inputs/external_docs/bwsc2025_20260713/analysis_zip/BWSC2025データ分析いろいろ/zp加工データ/ZP_Data0824day1.csv,identification evidence,MLE/re-identification,declared evidence directory: external_documents,,298983,60fcc56bac9fed892ad2c404397925c96b8d3a732904ea30010fa030528c42e0
inputs/external_docs/bwsc2025_20260713/analysis_zip/BWSC2025データ分析いろいろ/zp加工データ/ZP_Data0825day2.csv,identification evidence,MLE/re-identification,declared evidence directory: external_documents,,334626,3799272691cb2220b117b973df295e322b89db10e1e8adc5da00f3910c41f107
inputs/external_docs/bwsc2025_20260713/analysis_zip/BWSC2025データ分析いろいろ/zp加工データ/ZP_Data0826day3.csv,identification evidence,MLE/re-identification,declared evidence directory: external_documents,,325375,9f011784dc65d83634bcd9399663fdebd99ec497aa73aff1c7eb0d7d518846d2
inputs/external_docs/bwsc2025_20260713/analysis_zip/BWSC2025データ分析いろいろ/zp加工データ/ZP_Data0827day4.csv,identification evidence,MLE/re-identification,declared evidence directory: external_documents,,335336,5ec9c32446085bbf703d4de922f7b0f0901f7322ec8007618e318588c5db99a8
inputs/external_docs/bwsc2025_20260713/analysis_zip/BWSC2025データ分析いろいろ/zp加工データ/ZP_Data0828day5.csv,identification evidence,MLE/re-identification,declared evidence directory: external_documents,,315851,57e4dadd2657dfa8b785ac1d30bcdb599b0738e8ab38154b6605436bce69ac22
inputs/external_docs/bwsc2025_20260713/analysis_zip/BWSC2025データ分析いろいろ/元データ/8.16(15.22~15.27)発電実験.xlsx,identification evidence,MLE/re-identification,declared evidence directory: external_documents,,20634,2a20e704ee3a9b5c3a82f21ab5d64a52ffe70fc27fbbb394a33233903c761668
inputs/external_docs/bwsc2025_20260713/analysis_zip/BWSC2025データ分析いろいろ/元データ/8.18　発電実験　ダーウィン.xlsx,identification evidence,MLE/re-identification,declared evidence directory: external_documents,,12272,81f07a3c7d2546dbc3a27a88fd2e6745ed83a6ade1c14132214fc62e0d250b72
inputs/external_docs/bwsc2025_20260713/analysis_zip/BWSC2025データ分析いろいろ/元データ/Australia_勾配抵抗.xlsx,identification evidence,MLE/re-identification,declared evidence directory: external_documents,,82751,23b387c6c8fa0c47be2115066b5e7f64ae2dfa5209c09cf31d722dcba6bab2eb
inputs/external_docs/bwsc2025_20260713/analysis_zip/BWSC2025データ分析いろいろ/元データ/ZP_Data0824 1日目.csv,identification evidence,MLE/re-identification,declared evidence directory: external_documents,,492917,d3fb6d5fddc1d25b15e5f47583c0483d1272baf90fd59226c2c3d9348a08bba3
inputs/external_docs/bwsc2025_20260713/analysis_zip/BWSC2025データ分析いろいろ/元データ/ZP_Data0825 2日目.csv,identification evidence,MLE/re-identification,declared evidence directory: external_documents,,313957,321c0b31d2338dd98d6138392fd247c4f0c9fe62a2da2af73bec2122850a7d44
inputs/external_docs/bwsc2025_20260713/analysis_zip/BWSC2025データ分析いろいろ/元データ/ZP_Data0826 3日目.csv,identification evidence,MLE/re-identification,declared evidence directory: external_documents,,305567,3b2ba8cc74b607c91bd785f670f6e8bc71f13017816237d0f2d859dad3506cee
inputs/external_docs/bwsc2025_20260713/analysis_zip/BWSC2025データ分析いろいろ/元データ/ZP_Data0827 4日目.csv,identification evidence,MLE/re-identification,declared evidence directory: external_documents,,314516,dddeef71bf69487e94b562a4d4406cc73d59f8644b5260f863a9c7cb58ac2d57
inputs/external_docs/bwsc2025_20260713/analysis_zip/BWSC2025データ分析いろいろ/元データ/ZP_Data0828 5日目.csv,identification evidence,MLE/re-identification,declared evidence directory: external_documents,,313837,7e05e63cfc819c634df7dca7ad70ffd57f063760eb5d493defdef1d27ae0c4ec
inputs/external_docs/bwsc2025_20260713/analysis_zip/BWSC2025データ分析いろいろ/元データ/ZP_Datayosen 6日目.csv,identification evidence,MLE/re-identification,declared evidence directory: external_documents,,42657,8d608edc906522f536f4c11a0fa832aa575a117b11097a9d9c605f62423899c3
inputs/external_docs/bwsc2025_20260713/analysis_zip/BWSC2025データ分析いろいろ/元データ/本戦バッテリー放電実験2024_05_26.csv,identification evidence,MLE/re-identification,declared evidence directory: external_documents,,615519,ded2149f7e158190921815f731a1009702878c4342c1b56723937e2fa37a4f40
inputs/external_docs/bwsc2025_20260713/analysis_zip/BWSC2025データ分析いろいろ/参考になるデータ/2024_05_26_DischargeTest.csv,identification evidence,MLE/re-identification,declared evidence directory: external_documents,,894753,bc70ea71b397434b4e142146fd0a58e2273279e2ecb1394e3e68e0d71abb67c6
inputs/external_docs/bwsc2025_20260713/analysis_zip/BWSC2025データ分析いろいろ/参考になるデータ/8.16(15.22~15.27)発電実験.xlsx,identification evidence,MLE/re-identification,declared evidence directory: external_documents,,20634,2a20e704ee3a9b5c3a82f21ab5d64a52ffe70fc27fbbb394a33233903c761668
inputs/external_docs/bwsc2025_20260713/analysis_zip/BWSC2025データ分析いろいろ/参考になるデータ/8.18　発電実験　ダーウィン.xlsx,identification evidence,MLE/re-identification,declared evidence directory: external_documents,,12272,81f07a3c7d2546dbc3a27a88fd2e6745ed83a6ade1c14132214fc62e0d250b72
inputs/external_docs/bwsc2025_20260713/analysis_zip/BWSC2025データ分析いろいろ/参考になるデータ/Australia_勾配抵抗.xlsx,identification evidence,MLE/re-identification,declared evidence directory: external_documents,,82770,f59449c20a2772355d908a510dd3b2f142c597221c5de4fe743c1cac21ec035b
inputs/external_docs/bwsc2025_20260713/analysis_zip/BWSC2025データ分析いろいろ/参考になるデータ/BWSC2025バッテリーを6並25直列にした理由.pdf,identification evidence,MLE/re-identification,declared evidence directory: external_documents,,183548,9f3062ecd4c0393e86ae657fffbb9a1aab365d72e655c74c43dc0c941c27b515
inputs/external_docs/bwsc2025_20260713/analysis_zip/BWSC2025データ分析いろいろ/参考になるデータ/放電実験データからのSOC_V対応表.xlsx,identification evidence,MLE/re-identification,declared evidence directory: external_documents,,10569,9ca578fbe0846e20adeb2645cd7cc0f1e31f9584f3886639ae1c11367feef6c1
inputs/external_docs/bwsc2025_20260713/analysis_zip/BWSC2025データ分析いろいろ/試しの出力データ/csv_output/ERA5_20250829_2560km.csv,identification evidence,MLE/re-identification,declared evidence directory: external_documents,,9192,dba7c20f91bc23f6a9956d407a371c15ab0e2b89bd4d8a4690939ea696fc9256
inputs/external_docs/bwsc2025_20260713/analysis_zip/BWSC2025データ分析いろいろ/試しの出力データ/csv_output/ERA5_20250829_2590km.csv,identification evidence,MLE/re-identification,declared evidence directory: external_documents,,9204,66dfce98eab0f12d3cb48dab678baf9bc0099fe37ce0cb63c550e88f7d923181
inputs/external_docs/bwsc2025_20260713/analysis_zip/BWSC2025データ分析いろいろ/試しの出力データ/csv_output/ERA5_20250829_2620km.csv,identification evidence,MLE/re-identification,declared evidence directory: external_documents,,9215,3059fe9af4405c02f122eb5a86300ffa7f1ba48a69c9ff30c2d35970c5a65405
inputs/external_docs/bwsc2025_20260713/analysis_zip/BWSC2025データ分析いろいろ/試しの出力データ/csv_output/ERA5_20250829_2670km.csv,identification evidence,MLE/re-identification,declared evidence directory: external_documents,,9237,8373e70ec901658bc860e53d400751b8680195f374e3ab88a4eedb872b6bf622
inputs/external_docs/bwsc2025_20260713/analysis_zip/BWSC2025データ分析いろいろ/試しの出力データ/csv_output/ERA5_20250829_2720km(CS9).csv,identification evidence,MLE/re-identification,declared evidence directory: external_documents,,9224,77818dab1ba0fe32fd7791f82ed9b79b9c20833c3736799274c51afc2e2b8433
inputs/external_docs/bwsc2025_20260713/analysis_zip/BWSC2025データ分析いろいろ/試しの出力データ/csv_output/ERA5_20250829_2750km.csv,identification evidence,MLE/re-identification,declared evidence directory: external_documents,,9257,6783a586aa9a1dc91fdd530402b7bd73d36d64e0eeaf8d118446e1d8b387cc24
inputs/external_docs/bwsc2025_20260713/analysis_zip/BWSC2025データ分析いろいろ/試しの出力データ/csv_output/ERA5_20250829_2800km.csv,identification evidence,MLE/re-identification,declared evidence directory: external_documents,,9220,266a5fd8190e6e403a40e95ad2855e33e21b1bd1f7de6f6ac0ab03a2b8fc78f3
inputs/external_docs/bwsc2025_20260713/analysis_zip/BWSC2025データ分析いろいろ/試しの出力データ/csv_output/ERA5_20250829_2830km.csv,identification evidence,MLE/re-identification,declared evidence directory: external_documents,,9205,779b184eb70a5c62c3307c9172180fb314cf2ee502620cee90f7aa649e516813
inputs/external_docs/bwsc2025_20260713/analysis_zip/BWSC2025データ分析いろいろ/試しの出力データ/csv_output/ERA5_20250829_2850km.csv,identification evidence,MLE/re-identification,declared evidence directory: external_documents,,9221,c7ef141b8888c5e2f072a34e153276f4761b70fd726d344832e68126015195c9
inputs/external_docs/bwsc2025_20260713/analysis_zip/BWSC2025データ分析いろいろ/試しの出力データ/csv_output/ERA5_20250829_2900km.csv,identification evidence,MLE/re-identification,declared evidence directory: external_documents,,9214,32622657e5068db3883ffe78a09ef15ddfde218424610b9f36973a32ef2fd5ea
inputs/external_docs/bwsc2025_20260713/analysis_zip/BWSC2025データ分析いろいろ/試しの出力データ/csv_output/ERA5_20250829_2950km.csv,identification evidence,MLE/re-identification,declared evidence directory: external_documents,,9212,d37b8b75f6ef22d4d07521890f4bf0380970c0b190ea39dc3a7dfa79825806b2
inputs/external_docs/bwsc2025_20260713/analysis_zip/BWSC2025データ分析いろいろ/試しの出力データ/csv_output/ERA5_20250829_3000km.csv,identification evidence,MLE/re-identification,declared evidence directory: external_documents,,9231,788528c98b48af53ea48cf976c3d21106d79c149aaa44483cfbbdf1e118b2d92
inputs/external_docs/bwsc2025_20260713/analysis_zip/BWSC2025データ分析いろいろ/試しの出力データ/csv_output/ERA5_20250829_3030km.csv,identification evidence,MLE/re-identification,declared evidence directory: external_documents,,9208,facb9b5135104c3cd4c53c8218496858278273453afb409a45e7ec533dda98f1
inputs/external_docs/bwsc2025_20260713/analysis_zip/BWSC2025データ分析いろいろ/試しの出力データ/Lap_Wh.csv,identification evidence,MLE/re-identification,declared evidence directory: external_documents,,3660,ba85f46fa6b3a8b5142195fd8f2f1444113f89556d539e1b8cc67bf1cd9ab674
inputs/external_docs/bwsc2025_20260713/pptx/報告会資料_2025_山下将矢.pptx,identification input,MLE/re-identification,manifest reference: external_documents,,59283804,8e4949f7452a28588fc0aa2c07fac5b139cbc06beb979d56a858a20c00a99f3c
inputs/external_docs/bwsc2025_20260713/text_zip/BWSC2025データまとめテキスト/BWSC2025バッテリーSoC推測.pdf,identification evidence,MLE/re-identification,declared evidence directory: external_documents,,2290390,21de55b763b3f53409b3c6ba495936b6d067ced71ea6365513909c07df3c0969
Install-SolarSim.ps1,entry/build,install and dispatch,entry point or package metadata,,978,000185ea43053815156dddfea08bfca8dae0936f5102834c396409fa25f9b641
launch/solar_measurement.launch.py,ROS launch,sim/measure/live/live_wifi,launch source,,3816,070ba41b225288b85a317c3c102783d85d9df6fe189953a54ec69bf327569752
launch/solar_race_live.launch.py,ROS launch,sim/measure/live/live_wifi,launch source,,745,5b7604b18712958285819b64c5a5dcd7b3206c77f32136a4ac97e3a43263476f
launch/solar_race_live_wifi.launch.py,ROS launch,sim/measure/live/live_wifi,launch source,,2413,3984d29932f64e9bf5348a5bcb6fe28f4c0aa1dc5eb664b75b5b06d50b9f7a16
launch/solarcar_sim.launch.py,ROS launch,sim/measure/live/live_wifi,launch source,,6441,b674b3680c605030b54de4c2667bfa8ca8e409fbce6f6a970953bfa63f954da2
mpc_solarcar/__init__.py,ROS runtime source,sim/measure/live/live_wifi,Python package marker,,0,e3b0c44298fc1c149afbf4c8996fb92427ae41e4649b934ca495991b7852b855
mpc_solarcar/dashboard_node.py,ROS runtime source; validation source,regression tests; sim/measure/live/live_wifi,node or imported model; test source,,18128,26286dcb019288a13c2e17be4574c311b8bc2bb5e0268544165d6519a5cba443
mpc_solarcar/distance_node.py,ROS runtime source,sim/measure/live/live_wifi,node or imported model,,1928,f9897e68e8ec6dcccb2dadb511293f2969a90f66ca61ccbe9d0048e9cdd20bbf
mpc_solarcar/estimator.py,ROS runtime source,sim/measure/live/live_wifi,node or imported model,,3762,a5b46d1669a9ef838d07a4747d013e8c11bf0c4080cef73f07d0cd4fcadc8d31
mpc_solarcar/forecast_grid.py,ROS runtime source; validation source,regression tests; sim/measure/live/live_wifi,node or imported model; test source,,3937,8af824c41afb472b3ed0021f8cb46d9d33ea92e31e5ec3118c96dea700e79c27
mpc_solarcar/gps_sim_node.py,ROS runtime source,sim/measure/live/live_wifi,node or imported model,,2022,436c6e1e726b4e3c6443abc17a07d1f310ebec701f5577a15383b92e6570a591
mpc_solarcar/grade_node.py,ROS runtime source,sim/measure/live/live_wifi,node or imported model,,3581,f67e3de2b8032378bb2cac9882ed85cd35629cc2dab61ee2f0ae17f7626d3131
mpc_solarcar/live_launch.py,ROS launch,sim/measure/live/live_wifi,launch source,,8014,759278a53fc55f3c41b6ca6ec99c541c9e5203ec77425516fd1d2409ff9ba438
mpc_solarcar/model.py,ROS runtime source; identification source; packaging/audit source; runtime/offline source; validation source,"MLE/re-identification; ROS and simulation; package, blank, audit; regression tests; sim/measure/live/live_wifi",executable source; node or imported model; test source,,20449,91a29cea04d184a73105566c514d824c8259be3a801df05ddfd82af7e8c863c1
mpc_solarcar/mpc_node.py,ROS runtime source,sim/measure/live/live_wifi,node or imported model,,142040,b53f3e7fb5395b2459091b740042c9da8789ea7a44648c2235ab8b62d544f231
mpc_solarcar/path_utils.py,ROS runtime source,sim/measure/live/live_wifi,node or imported model,,1241,d2c07f2ccc796bf8d8d6149135b27123c8ecd873bc0b71c344028714a52c2a3b
mpc_solarcar/route_utils.py,GPU/CEM source; ROS runtime source; identification source; packaging/audit source; runtime/offline source; validation source,"MLE/re-identification; ROS and simulation; multi-fidelity CEM and exact acceptance; package, blank, audit; regression tests; sim/measure/live/live_wifi",executable source; node or imported model; test source,,5471,d5b33c359b666eed1eac0400ebfdf110c5360df3369b7725689127955039b9e8
mpc_solarcar/schedule_utils.py,ROS runtime source; identification source; learning source; runtime/offline source; validation source,CPU self-learning; MLE/re-identification; ROS and simulation; regression tests; sim/measure/live/live_wifi,executable source; node or imported model; test source,,8038,cbee1ac8328f818f44fcb29d10b587c42a5518ed64baad447267afab149e685a
mpc_solarcar/signal_utils.py,ROS runtime source; identification source; runtime/offline source; validation source,MLE/re-identification; ROS and simulation; regression tests; sim/measure/live/live_wifi,executable source; node or imported model; test source,,5709,bb662b23b2754162e56b3e22b75b6ee8ccc00ccca7980e9d23be9108c7d77ab0
mpc_solarcar/solar_autocal_logic.py,ROS runtime source; validation source,regression tests; sim/measure/live/live_wifi,node or imported model; test source,,701,8b67ee6b969cf6d5ee2520b0e3b06ac902a4bbfd00a7684c10d8cc4bb1015529
mpc_solarcar/solar_autocal_node.py,ROS runtime source,sim/measure/live/live_wifi,node or imported model,,7058,a98336e789670e85549bcedbb19c1a90b49d293dba6f193a6d91c053ef9abc51
mpc_solarcar/solar_logger_node.py,ROS runtime source,sim/measure/live/live_wifi,node or imported model,,7439,6ad5861c795593dc8a6cbd661335f2d379ddf42987433a40f1805c49884b5e2e
mpc_solarcar/solar_preflight_logic.py,ROS runtime source; validation source,regression tests; sim/measure/live/live_wifi,node or imported model; test source,,1002,af31754717ea091338d123f2fb17650fda49d53f9308d9f9aaccef7f9c9d03fd
mpc_solarcar/solar_preflight_node.py,ROS runtime source,sim/measure/live/live_wifi,node or imported model,,3358,d1c39ce9b2c8e60006ec42892c09b8ede984748d44555a5f330607b92aa5a4d9
mpc_solarcar/solar_profile.py,ROS launch; ROS runtime source; identification source; runtime/offline source; validation source,MLE/re-identification; ROS and simulation; basic identification; regression tests; sim/measure/live/live_wifi,executable source; launch source; node or imported model; test source,,3900,342c5f001c7ae09a4ccfafe19e30706d124ac8b044852c365ca03ee664af00e7
mpc_solarcar/solar_state_node.py,ROS runtime source,sim/measure/live/live_wifi,node or imported model,,14401,d9c72bcecf7b5d6f0594d4c9029ba3837a9f3b0222e47e693729d581d99e4024
mpc_solarcar/speed_command_bridge_node.py,ROS runtime source,sim/measure/live/live_wifi,node or imported model,,6076,c4212c78afb5c4a54bff02cc12d8ed80236ea8c67c8bd1defebe1c8e02652f2b
mpc_solarcar/telemetry_protocol.py,ROS runtime source; validation source,regression tests; sim/measure/live/live_wifi,node or imported model; test source,,2644,734975b041ac6daaa034baccff9bd92eda981e9b6f6284852dbfb089bc4b6307
mpc_solarcar/telemetry_text_bridge_node.py,ROS runtime source,sim/measure/live/live_wifi,node or imported model,,17681,8eb8c10611ec3d5115db88a38834178bead9b3c8ef68d952df090bc4fe2c6aa9
mpc_solarcar/upper_cost.py,ROS runtime source; identification source; learning source; runtime/offline source; validation source,CPU self-learning; MLE/re-identification; ROS and simulation; regression tests; sim/measure/live/live_wifi,executable source; node or imported model; test source,,11307,b69065249298ad089d085bcb06d9277c10dae6b61ec0d334d69a13ffef56a3bb
mpc_solarcar/upper_horizon.py,ROS runtime source; identification source; runtime/offline source; validation source,MLE/re-identification; ROS and simulation; regression tests; sim/measure/live/live_wifi,executable source; node or imported model; test source,,5148,1565f2a9907d31550fd0ee8a54d65bfc840b33c804a95b2c0d24ca9d232baa01
mpc_solarcar/upper_policy.py,ROS runtime source; validation source,regression tests; sim/measure/live/live_wifi,node or imported model; test source,,2097,2d40e88dbe8169edae0bc815ed06b077d5866e94f874230f1967c7bf7bfe2425
mpc_solarcar/upper_solver.py,ROS runtime source; identification source; runtime/offline source; validation source,MLE/re-identification; ROS and simulation; regression tests; sim/measure/live/live_wifi,executable source; node or imported model; test source,,21120,0ea0437c48c25f839a8edbfffe74f8d613a11451728eb7751db21756dd76be2a
mpc_solarcar/utils_maps.py,ROS runtime source; identification source; packaging/audit source; runtime/offline source; validation source,"MLE/re-identification; ROS and simulation; package, blank, audit; regression tests; sim/measure/live/live_wifi",executable source; node or imported model; test source,,1387,8f20256838a7d95f7822b415af3cfe2af3433813af7bf760eb9f84d9f8e9f9d3
mpc_solarcar/weather_fetch_node.py,ROS runtime source,sim/measure/live/live_wifi,node or imported model,,6662,bef650eab4797b7c832c841ba7eaa271ab3cccec171f9b270c69172f9835bb50
mpc_solarcar/weather_utils.py,ROS runtime source; runtime/offline source; validation source,ROS and simulation; regression tests; sim/measure/live/live_wifi,executable source; node or imported model; test source,,4484,57e68976c226df0cba2d602f143ef39e76b06be98d08aa8e00fd5514eb83d660
mpc_solarcar/wind_correction_node.py,ROS runtime source,sim/measure/live/live_wifi,node or imported model,,7951,065128cbb44604d15e3d04030f00c23607abfa9faf13ebb66e08835897217593
package.xml,entry/build,install and dispatch,entry point or package metadata,,1114,02ccb480e640067c239f8a8a468736dbb643432fa26632cd73f006db9faea033
project_packages/bwsc2025_fitted_mle19_energywindow_inertia/data/identification/evidence/actual_event_annotations.yaml,identification input,MLE/re-identification,manifest reference: actual_event_yaml,,2496,d9fbc9e8f34a012d6eef8cc2d5c2df04609bc68169f9a714d645e7b02dc4aef6
project_packages/bwsc2025_fitted_mle19_energywindow_inertia/data/identification/evidence/counterfactual_no_trouble.yaml,identification input,MLE/re-identification,manifest reference: counterfactual_event_yaml,,1100,426e98bb8aa15f5d736e0121d3fe0aa57d55eaa9f4f8bf06bc6c895331a38380
project_packages/bwsc2025_fitted_mle19_energywindow_inertia/data/identification/evidence/document_inventory.json,identification input,MLE/re-identification,manifest reference: source_inventory_json,,152529,fd8ddf548ea8c31b92c91f5e75b8e9bbe39fb951e49daea185b3deb2371f9b32
project_packages/bwsc2025_fitted_mle19_energywindow_inertia/data/identification/evidence/evidence_notes.md,identification input,MLE/re-identification,manifest reference: notes_markdown,,2797,a99ebcfc7128bf7935210a56ca2c856f3c7a5c1f5720ba8ac29e42d71f5551e2
project_packages/bwsc2025_fitted_mle19_energywindow_inertia/data/identification/evidence/field_tests/10km_Data0829day6.csv,identification input,MLE/re-identification,manifest reference: field_tests,,611,4dd323f14e34794dfc8499a07d2a814223cb1c2c307d0283c9371573d8904ea9
project_packages/bwsc2025_fitted_mle19_energywindow_inertia/data/identification/evidence/field_tests/8.16(15.22~15.27)発電実験.xlsx,identification input,MLE/re-identification,manifest reference: field_tests,,20634,2a20e704ee3a9b5c3a82f21ab5d64a52ffe70fc27fbbb394a33233903c761668
project_packages/bwsc2025_fitted_mle19_energywindow_inertia/data/identification/evidence/field_tests/8.18　発電実験　ダーウィン.xlsx,identification input,MLE/re-identification,manifest reference: field_tests,,12272,81f07a3c7d2546dbc3a27a88fd2e6745ed83a6ade1c14132214fc62e0d250b72
"project_packages/bwsc2025_fitted_mle19_energywindow_inertia/data/identification/evidence/field_tests/Day5,6充電記録データ.xlsx",identification input,MLE/re-identification,manifest reference: field_tests,,13450,dab9574ad97e9a7edb9e21ca9031f333702e3dc4d33158ace9a8ce58be59f4e4
project_packages/bwsc2025_fitted_mle19_energywindow_inertia/data/identification/evidence/field_tests/ERA5_20250829_2830km.csv,identification input,MLE/re-identification,manifest reference: field_tests,,9205,779b184eb70a5c62c3307c9172180fb314cf2ee502620cee90f7aa649e516813
project_packages/bwsc2025_fitted_mle19_energywindow_inertia/data/identification/evidence/grounded_map_sources.yaml,identification input,MLE/re-identification,manifest reference: grounded_map_summary_yaml; provenance/model declaration,,4605,074bff41b038b0a15714651305633f55586442ee818f7392134e9a4154ed2dfb
project_packages/bwsc2025_fitted_mle19_energywindow_inertia/data/identification/evidence/terminal_anchor.yaml,identification input,MLE/re-identification,manifest reference: terminal_anchor_yaml,,1231,6a827d617dda9286d580c82bf07262df4188316cb1361a0059f4e359cdf38cc2
project_packages/bwsc2025_fitted_mle19_energywindow_inertia/data/identification/generation_lineage.yaml,identification input,MLE/re-identification,provenance/model declaration,,860,c1ad5d95d19d904dc428f33394c484221fa08274cd6f86b090e8a265e62efd61
project_packages/bwsc2025_fitted_mle19_energywindow_inertia/data/identification/identification_manifest.yaml,identification input,MLE/re-identification,identification schema and source declaration,,3576,b4453a1aeb1bf38a14d3240c6571044ab0f416dd4235509dc58044ec0bcca79e
project_packages/bwsc2025_fitted_mle19_energywindow_inertia/data/identification/identification_manifest_pulse_terminal.yaml,identification input,MLE/re-identification,identification schema and source declaration,,3155,239e2811af7d5de27d4b571b5f58afbdbd62ce3428b677cca06b4d1899045ab0
project_packages/bwsc2025_fitted_mle19_energywindow_inertia/data/observed/bwsc2025_observed_log_5s.csv,current operational input; current research input; identification input,MLE/re-identification; active MLE35 GPU campaign; current BWSC2025 workflows,manifest reference: normalized_replay_log_csv; profile reference: progress_reference_csv,,27639604,c09ebc2d0fc4610a9daad9b56ddeb73f4ca34e6c4398a44b4ac22a9529d6127f
project_packages/bwsc2025_fitted_mle19_energywindow_inertia/data/race/bwsc2025_actual_drive_schedule.yaml,current operational input; current research input,active MLE35 GPU campaign; current BWSC2025 workflows,profile reference: actual_drive_schedule_yaml,,825,7f4c3d67001ef9542a2a40c8e3f31e6a86ece4ea8376a3c9e24592de0e693c43
project_packages/bwsc2025_fitted_mle19_energywindow_inertia/data/race/bwsc2025_actual_stops.yaml,current operational input; current research input,active MLE35 GPU campaign; current BWSC2025 workflows,profile reference: actual_stop_yaml,,5238,0d0a3686c11e1c70edb0bf414724a570f3bc7e4763c9469055ff1b514a8b9549
project_packages/bwsc2025_fitted_mle19_energywindow_inertia/data/race/bwsc2025_drive_schedule.yaml,current operational input; current research input,active MLE35 GPU campaign; current BWSC2025 workflows,profile reference: drive_schedule_yaml,,145,5408e892e1313487de1c8ba3ff78b73e1ade655b5406ca40f30e37f8c5338210
project_packages/bwsc2025_fitted_mle19_energywindow_inertia/data/race/bwsc2025_official_control_stops.yaml,current operational input; current research input,active MLE35 GPU campaign; current BWSC2025 workflows,profile reference: stop_yaml,,2020,cfbefa5b1691bd37336203a6e5bf71ee1dbc5177cc23eb07067fdbeba5400e29
project_packages/bwsc2025_fitted_mle19_energywindow_inertia/data/route/bwsc2025_fitted_mle8_mass235_mapfit_route_profile.csv,current operational input,current BWSC2025 workflows,profile reference: route_profile_csv,,1086440,344305c7265c46ed1f7dfeedb0cff36838c1469f7c8f147ca5321c162be9574f
project_packages/bwsc2025_fitted_mle19_energywindow_inertia/data/route/bwsc2025_fitted_mle8_mass235_mapfit_route_waypoints.csv,current operational input; current research input,active MLE35 GPU campaign; current BWSC2025 workflows,profile reference: route_waypoints_csv,,13493,1b9efe7e19d83201747199e728a5420acb52ceb29e86430ac90d70b0582c1601
project_packages/bwsc2025_fitted_mle19_energywindow_inertia/data/route/bwsc2025_fitted_mle8_mass235_mapfit_speed_profile.csv,current operational input; current research input,active MLE35 GPU campaign; current BWSC2025 workflows,profile reference: speed_profile_csv,,44,18a082057c2d44c6904dbe261570ff17d004ad15cb495488786df50c2e171887
project_packages/bwsc2025_fitted_mle19_energywindow_inertia/data/weather/bwsc2025_historical_pv_conditioned_weather_grid.csv,current operational input,current BWSC2025 workflows,profile reference: forecast_csv,,14351342,4af308c9bcff105a43f1bed5991de44b33df7ad50e60f93b3358021c94066e07
project_packages/bwsc2025_fitted_mle19_energywindow_inertia/data/weather/bwsc2025_historical_pv_conditioned_weather_grid.summary.yaml,current operational input,current BWSC2025 workflows,profile reference: historical_weather_summary_yaml,,2035,d743ebe23e168d3b10a24e5f1f3ee149d0624ce11193adb5d9c21c6f88fee598
project_packages/bwsc2025_fitted_mle19_energywindow_inertia/data/weather/bwsc2025_nominal_fullcourse_weather_grid.csv,current operational input; current research input,active MLE35 GPU campaign; current BWSC2025 workflows,profile reference: forecast_csv,,10122477,bf339de7891d773a58c2a272720301e961baead2574964d38f75350fa62e08a8
project_packages/bwsc2025_fitted_mle19_energywindow_inertia/data/weather/bwsc2025_observed_weather_10min.csv,current operational input; current research input,active MLE35 GPU campaign; current BWSC2025 workflows,profile reference: observed_weather_csv,,93713,496b663c8e7144a7d21148b34275ce3dc317b2da88092f49b4f4986842f74aa2
project_packages/bwsc2025_fitted_mle19_energywindow_inertia/outputs/identification/adopted_maps/drive_eff_map.csv,current operational input,current BWSC2025 workflows,profile reference: drive_eff_map,current profile consumes adopted model input under outputs,18709,d80d5dd7cf9d966e0595f649c8e5e80ec43abea405dc20e366256d0403ef6bf8
project_packages/bwsc2025_fitted_mle19_energywindow_inertia/outputs/identification/adopted_maps/drive_eff_map_eco.csv,current operational input,current BWSC2025 workflows,profile reference: drive_map_eco,current profile consumes adopted model input under outputs,18690,5808b4ad4078ccb0e35a06de35970f38fbcbb1805c8f9d34fd796c0db866a3b0
project_packages/bwsc2025_fitted_mle19_energywindow_inertia/outputs/identification/adopted_maps/drive_eff_map_power.csv,current operational input,current BWSC2025 workflows,profile reference: drive_map_power,current profile consumes adopted model input under outputs,18599,3da1e4ff5d133686cebd758c15367e6e031a584a6c0367522822a58ca3a12867
project_packages/bwsc2025_fitted_mle19_energywindow_inertia/outputs/identification/adopted_maps/mppt_eff_map.csv,current operational input,current BWSC2025 workflows,profile reference: mppt_eff_map,current profile consumes adopted model input under outputs,456,1899669ccf2e8e91bc8cae3a93b26b08f43755dc041c749442f53778a96fee04
project_packages/bwsc2025_fitted_mle19_energywindow_inertia/outputs/identification/adopted_maps/ocv_soc_curve.csv,current operational input,current BWSC2025 workflows,profile reference: ocv_soc_map,current profile consumes adopted model input under outputs,2422,1eec6cf4f5ff98fc3e8e9119cec36c099a9500025898a1079fd77caadc13f057
project_packages/bwsc2025_fitted_mle19_energywindow_inertia/outputs/identification/adopted_maps/panel_eff_map.csv,current operational input,current BWSC2025 workflows,profile reference: panel_eff_map,current profile consumes adopted model input under outputs,472,d53c5440b163bf7c38da37ffd0badbf923bb486e452a0e58b5089483997c2d2f
project_packages/bwsc2025_fitted_mle19_energywindow_inertia/outputs/identification/adopted_maps/regen_eff_map.csv,current operational input,current BWSC2025 workflows,profile reference: regen_eff_map,current profile consumes adopted model input under outputs,18613,e4433571b88771249128eaafcdf6e9bc3f933ddfc8560065e4053b807ebde9d1
project_packages/bwsc2025_fitted_mle19_energywindow_inertia/outputs/identification/adopted_maps/regen_eff_map_eco.csv,current operational input,current BWSC2025 workflows,profile reference: regen_map_eco,current profile consumes adopted model input under outputs,18611,9484b83c8aff7e82e26777da802cd57d7684af8aef55c6754d1e16b260d9b969
project_packages/bwsc2025_fitted_mle19_energywindow_inertia/outputs/identification/adopted_maps/regen_eff_map_power.csv,current operational input,current BWSC2025 workflows,profile reference: regen_map_power,current profile consumes adopted model input under outputs,18562,53d7c49edce9b0cd8a104c8ffe67d78071ef8a0552bb791658513ad854f5b7f7
project_packages/bwsc2025_fitted_mle19_energywindow_inertia/outputs/identification/adopted_maps/Rint_T_by_soc_fitted_grounded.csv,current operational input,current BWSC2025 workflows,profile reference: rint_map,current profile consumes adopted model input under outputs,870,a6bf75273950db46705105d1cdbc13390593035883ea88c444c008e30049fc03
project_packages/bwsc2025_fitted_mle19_energywindow_inertia/outputs/identification/bwsc2025_fitted_mle19_energywindow_inertia_generic_fit_summary.yaml,current operational input,current BWSC2025 workflows,profile reference: fit_summary_yaml,current profile consumes adopted model input under outputs,22439,b62a9149a12b96f3a872637152c62ff9a01e83d5f99f85621d2033222f75fc16
project_packages/bwsc2025_fitted_mle19_energywindow_inertia/outputs/identification/grounded_base_maps/drive_eff_map.csv,identification input,MLE/re-identification,manifest reference: drive_eff_map_csv,grounded base map is an explicit MLE input under outputs,18684,7bac7cbe6537395eb4fc9e784abafb54d4e0e90eac10d55a61ddd7b53a73b8de
project_packages/bwsc2025_fitted_mle19_energywindow_inertia/outputs/identification/grounded_base_maps/drive_eff_map_eco.csv,identification input,MLE/re-identification,manifest reference: drive_map_eco_csv,grounded base map is an explicit MLE input under outputs,18525,d24b6fbc7e9e8aff6115103631f71a3a5a34674c53d26214ca71b19d8fdc31d1
project_packages/bwsc2025_fitted_mle19_energywindow_inertia/outputs/identification/grounded_base_maps/drive_eff_map_power.csv,identification input,MLE/re-identification,manifest reference: drive_map_power_csv,grounded base map is an explicit MLE input under outputs,18627,235e61e5f0796b85d19c9bb99d5b63a4c0aea6bceb7f914663579f143add604c
project_packages/bwsc2025_fitted_mle19_energywindow_inertia/outputs/identification/grounded_base_maps/mppt_eff_map.csv,identification input,MLE/re-identification,manifest reference: mppt_eff_map_csv,grounded base map is an explicit MLE input under outputs,457,e7dc5eb5be9d455b48ffc5dd1eb8fc4167af395f3b3edae6892d610ba636237e
project_packages/bwsc2025_fitted_mle19_energywindow_inertia/outputs/identification/grounded_base_maps/ocv_soc_curve.csv,identification input,MLE/re-identification,manifest reference: ocv_soc_map_csv,grounded base map is an explicit MLE input under outputs,2428,19b40eca62b3ecd8831a3734cb57a77b0964e4c4903150ac3d1ce8fbd4745a4b
project_packages/bwsc2025_fitted_mle19_energywindow_inertia/outputs/identification/grounded_base_maps/panel_eff_map.csv,identification input,MLE/re-identification,manifest reference: panel_eff_map_csv,grounded base map is an explicit MLE input under outputs,304,3c4a123a52528ec0c9a258f51cb164010988c836b5d9c5be418a1e6c7becfa35
project_packages/bwsc2025_fitted_mle19_energywindow_inertia/outputs/identification/grounded_base_maps/regen_eff_map.csv,identification input,MLE/re-identification,manifest reference: regen_eff_map_csv,grounded base map is an explicit MLE input under outputs,18659,5948031e12f989210b415e37f803e521770aa797c5ec856014828e44b82df350
project_packages/bwsc2025_fitted_mle19_energywindow_inertia/outputs/identification/grounded_base_maps/regen_eff_map_eco.csv,identification input,MLE/re-identification,manifest reference: regen_map_eco_csv,grounded base map is an explicit MLE input under outputs,18674,c767e88fb92000689813dd90167f2b8f83a5e62ed4b5971cbf212c409dd0bc6f
project_packages/bwsc2025_fitted_mle19_energywindow_inertia/outputs/identification/grounded_base_maps/regen_eff_map_power.csv,identification input,MLE/re-identification,manifest reference: regen_map_power_csv,grounded base map is an explicit MLE input under outputs,18650,5efab94f63d0736f348cf3453f06f3035f0f095b9ec52f1b192ef1c85c4063d9
project_packages/bwsc2025_fitted_mle19_energywindow_inertia/outputs/identification/grounded_base_maps/Rint_T_by_soc_grounded.csv,identification input,MLE/re-identification,manifest reference: rint_map_csv,grounded base map is an explicit MLE input under outputs,869,4ae5a0faeda0c41f91f93672fbafddd544c8ececad91624e536355b1d47b4863
project_packages/bwsc2025_fitted_mle19_energywindow_inertia/outputs/identification/runs/mle35_expanded_grade_single_source_ultra_v1/adopted_maps/drive_eff_map.csv,current research input,active MLE35 GPU campaign,profile reference: drive_eff_map,active research input under outputs,18611,8d69ebb56af777a60aa134bbfb04ba17d473bece28092b4b87c7e06dd14a5ff3
project_packages/bwsc2025_fitted_mle19_energywindow_inertia/outputs/identification/runs/mle35_expanded_grade_single_source_ultra_v1/adopted_maps/drive_eff_map_eco.csv,current research input,active MLE35 GPU campaign,profile reference: drive_map_eco,active research input under outputs,18601,98a485a041fe24650ed5e63385e1c2d085068845656dfe153c64481422ebed02
project_packages/bwsc2025_fitted_mle19_energywindow_inertia/outputs/identification/runs/mle35_expanded_grade_single_source_ultra_v1/adopted_maps/drive_eff_map_power.csv,current research input,active MLE35 GPU campaign,profile reference: drive_map_power,active research input under outputs,18543,c96a6fbb08b03a75a8c501bf2de4a379ae29adf7d1ce88869e67297c8b9f7ab1
project_packages/bwsc2025_fitted_mle19_energywindow_inertia/outputs/identification/runs/mle35_expanded_grade_single_source_ultra_v1/adopted_maps/mppt_eff_map.csv,current research input,active MLE35 GPU campaign,profile reference: mppt_eff_map,active research input under outputs,448,661899fd6843fbb45e999d692e6e12e5aaf0dca5488996ac8bb62a221bb54d50
project_packages/bwsc2025_fitted_mle19_energywindow_inertia/outputs/identification/runs/mle35_expanded_grade_single_source_ultra_v1/adopted_maps/ocv_soc_curve.csv,current research input,active MLE35 GPU campaign,profile reference: ocv_soc_map,active research input under outputs,2320,524bd9ea16f69d251029ee54b18854049110370a92b55b2cef673d756fc8c1d7
project_packages/bwsc2025_fitted_mle19_energywindow_inertia/outputs/identification/runs/mle35_expanded_grade_single_source_ultra_v1/adopted_maps/panel_eff_map.csv,current research input,active MLE35 GPU campaign,profile reference: panel_eff_map,active research input under outputs,465,ea24830d9c5fc9e2a32d8181a8aeccdc4f01e818a879d14e781b4fafc640e5d0
project_packages/bwsc2025_fitted_mle19_energywindow_inertia/outputs/identification/runs/mle35_expanded_grade_single_source_ultra_v1/adopted_maps/regen_eff_map.csv,current research input,active MLE35 GPU campaign,profile reference: regen_eff_map,active research input under outputs,18591,f972e523e55f4fe0a7e34d636ba865a357bf72f74d8c173a1df75d63198c306d
project_packages/bwsc2025_fitted_mle19_energywindow_inertia/outputs/identification/runs/mle35_expanded_grade_single_source_ultra_v1/adopted_maps/regen_eff_map_eco.csv,current research input,active MLE35 GPU campaign,profile reference: regen_map_eco,active research input under outputs,18589,b99ca5eaa9908747d1d8dafa7bcae5e483d61d552f4724a47506f287374791f3
project_packages/bwsc2025_fitted_mle19_energywindow_inertia/outputs/identification/runs/mle35_expanded_grade_single_source_ultra_v1/adopted_maps/regen_eff_map_power.csv,current research input,active MLE35 GPU campaign,profile reference: regen_map_power,active research input under outputs,18540,1fc93738ff0626e25c3a09fb637d38e1c0e645835254b4b9c2bc6a3c0b848404
project_packages/bwsc2025_fitted_mle19_energywindow_inertia/outputs/identification/runs/mle35_expanded_grade_single_source_ultra_v1/adopted_maps/Rint_T_by_soc_fitted_grounded.csv,current research input,active MLE35 GPU campaign,profile reference: rint_map,active research input under outputs,834,ac84844902f4bd531e2c3c257ce67407eb3c8321871ba9f36a0bee107e1d14b2
project_packages/bwsc2025_fitted_mle19_energywindow_inertia/outputs/identification/runs/mle35_expanded_grade_single_source_ultra_v1/adopted_route_profile.csv,current research input,active MLE35 GPU campaign,profile reference: route_profile_csv,active research input under outputs,1292050,21ba7c92805fa0913277f8116612a96fcca23c6faf9a8a38e85c3a9eef7dbb37
project_packages/bwsc2025_fitted_mle19_energywindow_inertia/outputs/identification/runs/mle35_expanded_grade_single_source_ultra_v1/bwsc2025_fitted_mle19_energywindow_inertia_generic_fit_summary.yaml,current research input,active MLE35 GPU campaign,profile reference: fit_summary_yaml,active research input under outputs,55747,41671d06195e698e5e1a714bd27ed537e6b5d2deda1de725763a66bef6fec429
project_packages/bwsc2025_fitted_mle19_energywindow_inertia/outputs/identification/runs/mle35_expanded_grade_single_source_ultra_v1/profile_operational_gpu_research.yaml,current research input,active MLE35 GPU campaign,workflow profile,active research input under outputs,15214,516086c5e60941927eb6c6b28595b47ad06b39b8920a25b5ecdb8f944ddb91a2
project_packages/bwsc2025_fitted_mle19_energywindow_inertia/outputs/identification/runs/mle35_expanded_grade_single_source_ultra_v1/terminal_soc_consistency.yaml,current research input,active MLE35 GPU campaign,profile reference: terminal_consistency_yaml,active research input under outputs,2055,76eda7990b37a3fa3ad1ba80a287cd693fd4c35fb7940182f82aa4d722a6af67
project_packages/bwsc2025_fitted_mle19_energywindow_inertia/outputs/identification/terminal_soc_consistency.yaml,current operational input,current BWSC2025 workflows,profile reference: terminal_consistency_yaml,current profile consumes adopted model input under outputs,2039,cab6606cfa49be61819a120f435608f91e2d416f6d219da714cfb472c13188cd
project_packages/bwsc2025_fitted_mle19_energywindow_inertia/profile.yaml,current operational input,current BWSC2025 workflows,workflow profile,,13158,aa1d64a89f8a16476b81d84d16649c49fdfc8f8d0c04db4b658c0be2e0eb59b1
project_packages/bwsc2025_fitted_mle19_energywindow_inertia/profile_fullsim_selflearned.yaml,current operational input,current BWSC2025 workflows,workflow profile,,12456,30b27687f21b1cfafc1048723cfb775f6788e99bcbffc78aa963b162567b1057
project_packages/bwsc2025_fitted_mle19_energywindow_inertia/profile_historical_counterfactual.yaml,current operational input,current BWSC2025 workflows,workflow profile,,12678,42d8cd6398177973c883bfda00f627d68d42973dc8fbd19f53a05ab9b17b7426
project_packages/bwsc2025_fitted_mle19_energywindow_inertia/profile_operational_fine.yaml,current operational input,current BWSC2025 workflows,workflow profile,,13659,cdac0cca60f73dee2bb178a04b64a037880733fa74319d45eb0cd1d01c8d0e29
project_packages/bwsc2027_template/data/race/control_stops.yaml,demo configuration,demo ROS/simulation,profile reference: stop_yaml,,11,ff2ad50ba7e21749e4e8fcc712601a2139bb886a8ec15f6bf314996c1717a2e0
project_packages/bwsc2027_template/data/race/drive_schedule.yaml,demo configuration,demo ROS/simulation,profile reference: drive_schedule_yaml,,62,431efe070cf049971f6682c6421a68dfbe9e1739d7dd02245f971a6795990d4e
project_packages/bwsc2027_template/data/route/route_profile.csv,demo configuration,demo ROS/simulation,profile reference: route_profile_csv,,37,21595cb4bcb2203938ad6752daa9aeb9318ae62d8fb3007e4ad2c0b34ccad5e4
project_packages/bwsc2027_template/data/route/route_waypoints.csv,demo configuration,demo ROS/simulation,profile reference: route_waypoints_csv,,17,60d9f9da55d98fa328eba40af28cdceae9747cbe02b6ce8ff44f35cd31cb3f92
project_packages/bwsc2027_template/data/route/speed_profile.csv,demo configuration,demo ROS/simulation,profile reference: speed_profile_csv,,19,7a24cfaf0d74c52d81ecbde288b333a5bfe18070e5f12252edf1a1721853b4aa
project_packages/bwsc2027_template/data/weather/forecast_10min.csv,demo configuration,demo ROS/simulation,profile reference: forecast_csv,,63,84b3009f57df49e9b86493ce6d02579e56bcfd448ffc2504c4edbf91047d6e1d
project_packages/bwsc2027_template/maps/drive_eff_map.csv,demo configuration,demo ROS/simulation,profile reference: drive_eff_map,,21,e40a96d16775c7155b821f329f9feebe927105f62e9e60cce4962fee8917b309
project_packages/bwsc2027_template/maps/drive_eff_map_eco.csv,demo configuration,demo ROS/simulation,profile reference: drive_map_eco,,21,e40a96d16775c7155b821f329f9feebe927105f62e9e60cce4962fee8917b309
project_packages/bwsc2027_template/maps/drive_eff_map_power.csv,demo configuration,demo ROS/simulation,profile reference: drive_map_power,,21,e40a96d16775c7155b821f329f9feebe927105f62e9e60cce4962fee8917b309
project_packages/bwsc2027_template/maps/mppt_eff_map.csv,demo configuration,demo ROS/simulation,profile reference: mppt_eff_map,,12,67787a58822f915ea135b26472acf32cde10ab5f85a65508a40e6b08846d658a
project_packages/bwsc2027_template/maps/ocv_soc_curve.csv,demo configuration,demo ROS/simulation,profile reference: ocv_soc_map,,10,b91b4e1436dbfc398c9ca68e7e58cad011caa67452eb823bd02acdbf75cfe38b
project_packages/bwsc2027_template/maps/panel_eff_map.csv,demo configuration,demo ROS/simulation,profile reference: panel_eff_map,,12,67787a58822f915ea135b26472acf32cde10ab5f85a65508a40e6b08846d658a
project_packages/bwsc2027_template/maps/regen_eff_map.csv,demo configuration,demo ROS/simulation,profile reference: regen_eff_map,,21,e40a96d16775c7155b821f329f9feebe927105f62e9e60cce4962fee8917b309
project_packages/bwsc2027_template/maps/regen_eff_map_eco.csv,demo configuration,demo ROS/simulation,profile reference: regen_map_eco,,21,e40a96d16775c7155b821f329f9feebe927105f62e9e60cce4962fee8917b309
project_packages/bwsc2027_template/maps/regen_eff_map_power.csv,demo configuration,demo ROS/simulation,profile reference: regen_map_power,,21,e40a96d16775c7155b821f329f9feebe927105f62e9e60cce4962fee8917b309
project_packages/bwsc2027_template/maps/rint_map.csv,demo configuration,demo ROS/simulation,profile reference: rint_map,,21,deff0eedb1527dce51bbe6509174e763326895485e99c233260761c4c6613ddd
pytest.ini,entry/build,install and dispatch,entry point or package metadata,,52,4551307f5b1a58adb7ec215d513089ba670b1737b81ada5a5863afe796d67343
requirements-dev.txt,entry/build,install and dispatch,entry point or package metadata,,102,707ba8881332e5fffbc7a8f64977d4fb36af3e2c7a7faf9dd0c4cecc3a7d27d8
requirements-weather.txt,entry/build,install and dispatch,entry point or package metadata,,165,2d4174ec2688362e1c0c106d8944d85b0eae838d8648cc565f33c462242decaf
resource/mpc_solarcar,entry/build,install and dispatch,entry point or package metadata,,13,fc1436cc6b347fe96c1bcce76193c0f3fd128b00e869830618999b88f946fe95
scripts/adopt_conditional_identification_candidate.py,identification source,MLE/re-identification,executable source,,5334,39b468fb90e3d983d1a842cbb123e311e0d5391ca4ddd637f42089dedf7d0503
scripts/assess_terminal_soc_consistency.py,identification source; validation source,MLE/re-identification; regression tests,executable source; test source,,25779,5f74826985378e9fb257dae29ddfcf2283f67082a62d92b7863b271fb7ae2ec8
scripts/audit_bwsc2025_weather_power_timestep.py,validation source,regression tests,test source,,25696,2614f4f9d06e74e8448ee9ebbe605efca861387da680eb268d12434956b18553
scripts/audit_identification_residuals.py,identification source; validation source,MLE/re-identification; regression tests,executable source; test source,,15494,016216ed9120e8c4f7a80c30b142c3636610ec1789af9133552150d8af46bd2b
scripts/audit_solar_package.py,packaging/audit source,"package, blank, audit",executable source,,28441,bbbf6015f4d535c698901530f3d689632e36ed6065976b54761f2e16d0cc05a6
scripts/bootstrap_ubuntu_humble.sh,entry/build; runtime/offline source,ROS and simulation; install and dispatch,Ubuntu bootstrap; executable source,,1967,797e6ca460daa0749710a90cd4e4ba76ced75c2e862d12c7874b8ccbed81b23c
scripts/build_bwsc2025_fitted_package.py,identification source; packaging/audit source; validation source,"MLE/re-identification; package, blank, audit; regression tests",executable source; test source,,304019,8c569041f016ec579d37f0b6c65bed794a07f186be98c368e70c5ddc8e22d70b
scripts/build_fastest_certified_profile.py,identification source; validation source,MLE/re-identification; regression tests,executable source; test source,,8917,8b60b3e5e8f52249f2b47dc9b37fa6a87cff04fdd22f2b4144a827a046d61928
scripts/build_historical_weather_counterfactual_grid.py,runtime/offline source; validation source,ROS and simulation; regression tests,executable source; test source,,13391,8964817ff0576e76df6e0688707617de82dd2c38c66f8f496ba840d6245157a8
scripts/build_identification_evidence_bundle.py,identification source,MLE/re-identification,executable source,,14845,971960e059e4e016342fa3ee30e3ee8a9594db25b6c6640bd0bc9cb5a6f0d426
scripts/build_ocv_curve.py,identification source,basic identification,executable source,,1267,edb742289270cf131c7e8399a7608cabc0cae0321c414f0f474e1fff9171ce45
scripts/build_pv_maps_from_csv.py,identification source,basic identification,executable source,,1853,4a8b24cf0a074727a7359df8d12a8f07815b477e15774b51a9d109f2b27b77e0
scripts/build_rint_map_from_timeseries.py,identification source,basic identification,executable source,,1844,3a8c821c3f1b5d5c33cdaf124d29b9dd0dcfe2d612fbf098db892dad93575a49
scripts/build_route_profile_from_gps.py,identification source,basic identification,executable source,,2629,b0a5a4f8cd78f0b08cb1dae122fb5962cc50792efa73267f3d29ef579a640094
scripts/check_gpu_surrogate_feasibility.py,GPU/CEM source; validation source,multi-fidelity CEM and exact acceptance; regression tests,executable source; test source,,3730,9cd5b5638df9bacdb7250f098b62c08a42fd244bf5036ebb24ecd873c02ccce9
scripts/check_model_validation_gate.py,identification source,MLE/re-identification,executable source,,1172,7944938f541e9e0876aa9f77b0ac19af10ccd7b42b6d5b6d1cd7235275bf9380
scripts/check_policy_weather_input.py,GPU/CEM source; validation source,multi-fidelity CEM and exact acceptance; regression tests,executable source; test source,,3590,fb052c0ea291159ec204b80a073204bae2c45e59c2dad128dcd0da35e5a49cfa
scripts/clone_vehicle_identification_package.py,packaging/audit source; validation source,"package, blank, audit; regression tests",executable source; test source,,10040,8598a9b51aff0106c8ce630d574f55fd4ab7a6bd234f5532364067049881f739
scripts/compare_identification_runs.py,identification source,MLE/re-identification,executable source,,8956,7978c8e322956997ce834918c7835cccffed2d0c98a7fc10ba190857b59693a0
scripts/create_bwsc2025_fullcourse_nominal_profile.py,validation source,regression tests,test source,,11176,f2dc25e2339c6a5fcc901e2df1cc114e57109c22e4a08eabdc65b6952a248057
scripts/create_operational_fine_profile.py,identification source,MLE/re-identification,executable source,,11197,04a6495559f773fb880eaf3966b1fbbc6ebc84f18e5acd441bdba9f75cbd5ff7
scripts/create_project_packages.py,packaging/audit source,"package, blank, audit",executable source,,37355,c536db7abc7ff3174e0a645d2cb92e69c35ef4b8330a0095f419df5425b1c531
scripts/create_solarcar_blank_package.py,packaging/audit source; validation source,"package, blank, audit; regression tests",executable source; test source,,13284,4d91784073613b3d3b450d2bbfed1c04355b47f88521d4c9fe217be6d48b9197
scripts/create_solarcar_only_package.py,packaging/audit source; validation source,"package, blank, audit; regression tests",executable source; test source,,27884,b02924d231e75dad54a2d302372608f2324a32c770dd2f8f427ac5ea98c104a3
scripts/dashboard_demo_server.py,runtime/offline source,ROS and simulation,executable source,,2352,0317fdb395546c9b774bb44ac7c9ca84442d7a1b309595cc7f2ab1d448ce80f8
scripts/export_rqt_graph.py,runtime/offline source,ROS and simulation,executable source,,6670,c2ffef6b984de576f8c4133ac87986629ec9dfaa79f7212c1eb45aad213a2486
scripts/fetch_weather_forecast.py,runtime/offline source,ROS and simulation,executable source,,3400,89625bc3ee8176f508e8917c42d1f594469963010840d1a1dc1b8096627bab19
scripts/finalize_solar_gpu_campaign.sbatch,GPU/CEM source,multi-fidelity CEM and exact acceptance,shell/Slurm entry,,2024,bb789f9f8a7aaca8f8480ba5c1420bd904ae4258fdfe1ec0af8ace9ea3f1836d
scripts/fit_vehicle_params.py,identification source; validation source,basic identification; regression tests,executable source; test source,,4069,0dc1bb26b37b168ce21ed545f42db8f2dcb40039e39a30a297de4d85eb2b9262
scripts/generate_execution_dependency_manifest.py,packaging/audit source,"package, blank, audit",executable source,,22727,e962466fa8629f87ba90dccefa08363935ae46ef5e9b5751d51d02a7b4b15529
scripts/generate_fit_fullsim_report.py,validation source,regression tests,test source,,71968,0b02f300fe27dd5806e0686c58564ef85c115b501f13b58fc898d882f60c54fc
scripts/generate_gpu_acceptance_report.py,GPU/CEM source; validation source,multi-fidelity CEM and exact acceptance; regression tests,executable source; test source,,32553,b3131f6aaba85e0b94da45128a39a91cceed4599edeaf59207f94bfacb2960ab
scripts/generate_package_inventory.py,packaging/audit source,"package, blank, audit",executable source,,7980,78cc64eeab9b1fb36e12e175d8d1215fc85fa16f8535a75e10e59c0e8e299bd1
scripts/gpu_upper_policy_search.py,GPU/CEM source; validation source,multi-fidelity CEM and exact acceptance; regression tests,executable source; test source,,66761,17f5baa8842f386d24e805b483adc91b02b2386dc640e613a9f5bea94ce73d11
scripts/import_bom_satellite_solar.py,validation source,regression tests,test source,,16894,f7b9d98b6f8bbaf3768958a2099fe985600110901b94430ccb333709b364677b
scripts/merge_exact_candidate_rankings.py,GPU/CEM source; validation source,multi-fidelity CEM and exact acceptance; regression tests,executable source; test source,,2725,dbd2bb9b565d36572ea8478806e89f741ba18f526172371e6fd87bc92be2cdea
scripts/normalize_bwsc2025_field_evidence.py,identification source,MLE/re-identification,executable source,,11798,6d4a895cc2d715167c3b99a81aefce39ed290ff6a2f0d01c78f5536687a989ef
scripts/package_execution_dependencies.py,packaging/audit source,"package, blank, audit",executable source,,8535,f9931088e75176ff0c08cccd290dab5e21836ba65d86f3aeb1d9b2fdf65be047
scripts/promote_identification_run.py,identification source; validation source,MLE/re-identification; regression tests,executable source; test source,,18965,fad60387f48b94f8630e833ff8dd628acaa4d0fc3b1c469996052582999a82d3
scripts/rank_gpu_upper_policy_candidates.py,GPU/CEM source,multi-fidelity CEM and exact acceptance,executable source,,3088,ccc0993a2266f680343f87e4138474c0ea2a33760ec1dba4e5ed7211c730458a
scripts/rebuild_planning_weather_from_cache.py,validation source,regression tests,test source,,2845,cbaf1b55fe9301c1f833a5733fb109ed1475efd588eea75cc16ef5b47b616b3d
scripts/regenerate_identification_report.py,identification source,MLE/re-identification,executable source,,6435,342eaae962f40b83280bdb4a53265b46383a21ccfeea30b39180922b3b1d0eb7
scripts/resubmit_solar_gpu_refinement_chain.sh,GPU/CEM source,multi-fidelity CEM and exact acceptance,shell/Slurm entry,,5298,f3fab0869bfd2c57fdb6489c89fbaa631520fc0a558723cba4787ec01f68bafb
scripts/run_identification_pipeline.py,identification source,basic identification,executable source,,3187,28ea90f2cfb526907c9e1cbe38255e1633eddf96050b196f794e257c942a4bf0
scripts/run_solar_fullsim_cpu.sbatch,GPU/CEM source,multi-fidelity CEM and exact acceptance,shell/Slurm entry,,712,e2f14e6770b0aa92955b90a8bfb00f61cda3235cf32d060734a35a267cbaadc2
scripts/run_solar_gpu_acceptance_pipeline.sbatch,GPU/CEM source,multi-fidelity CEM and exact acceptance,shell/Slurm entry,,8184,0157d07d91223aca337dbe9108e54ec26c17f34b21e8565ccb2faf669d2865be
scripts/run_solar_gpu_concurrent_campaign.sbatch,GPU/CEM source,multi-fidelity CEM and exact acceptance,shell/Slurm entry,,13831,5a777d26dd9fe484aa6d73064b54f56e7138803ebfe61d47ab5f06ca0b3d8b50
scripts/run_solar_mesh_convergence_cpu.sbatch,GPU/CEM source,multi-fidelity CEM and exact acceptance,shell/Slurm entry,,1001,184019b56875d4cb6de79bed9b1d9ebf0b542a645cf22166f22ae9031ed50dfa
scripts/run_solar_upper_gpu_search.sbatch,GPU/CEM source,multi-fidelity CEM and exact acceptance,shell/Slurm entry,,2808,b0a5e5540649614fb9ba6a123c4dbe888c86140a3c0df67af5e9f4ea40b5f979
scripts/run_upper_mesh_convergence.py,GPU/CEM source; validation source,multi-fidelity CEM and exact acceptance; regression tests,executable source; test source,,13260,dab0b0a8e2dd02ceb7bb4965889b892f9ae60793868e34c62f413c665192f552
scripts/run_vehicle_identification.py,identification source; validation source,MLE/re-identification; regression tests,executable source; test source,,171725,beea09d61241299016d808d93b3ce656b2bccebb2d44dade39cebff6710f289a
scripts/run_vehicle_identification_cpu.sbatch,identification source,MLE/re-identification,Slurm pipeline,,4303,a43b48309c5ba94e02cd9e0253712f311117c95edfca16df532e2ee49c164842
scripts/setup_gpu_server_env.sh,GPU/CEM source,multi-fidelity CEM and exact acceptance,shell/Slurm entry,,1097,a9bc90d99b3207618d19084f5741ad173201f2543a6cd90ae4c52c32984bf781
scripts/solar_control.sh,runtime/offline source,ROS and simulation,WSL dispatcher; executable source,,6845,3a3beda8fd115e6a5f5ce0974d68273fb14f341f19bd1ad72a72fcad44d5ebca
scripts/solar_sim.py,identification source; runtime/offline source; validation source,MLE/re-identification; ROS and simulation; regression tests,executable source; test source,,186054,2d03ebeceecd2054f691523462fec4fcc0db93369ddc779870d6d336e37b7b81
scripts/submit_solar_gpu_multifidelity_campaign.sh,GPU/CEM source,multi-fidelity CEM and exact acceptance,shell/Slurm entry,,8774,82755898f8a857629dc21dc6e7a05972027b338564bb195515cdae0389d03760
scripts/tune_upper_planner_weights.py,learning source; validation source,CPU self-learning; regression tests,executable source; test source,,78909,4e485eadf4023a28e859311f3c1c591994c5ed2b4f96343fa2db206663a5182b
scripts/validate_gpu_upper_policy_candidates.py,GPU/CEM source; validation source,multi-fidelity CEM and exact acceptance; regression tests,executable source; test source,,19211,977c78c2aca608f78139952b225d516104a889354709a36686a8a58fa2f07b83
setup.cfg,entry/build,install and dispatch,entry point or package metadata,,94,b65e991b6e84f7e475c4b4419ca0bd3d1897acd7ea84c531c74f48d24fd2381a
setup.py,entry/build,install and dispatch,entry point or package metadata,,3660,0afd7baf06430bdeabcca8a791773e987af91b345b4e0c2ef913678ae6c1757a
SolarSim.ps1,entry/build,install and dispatch,entry point or package metadata,,12668,fa039bfbc741ab4719218ffc48738f42ce3ea6f7c3ccf33dd0c4987ea87f29c1
templates/aux_load_profile_template.csv,input template,blank package and identification,operator input schema,,42,a90f1ceed8ba34f5291e2033d37911dff30f3cb83db3e139cfb1bbf1314d3292
templates/battery_thermal_template.yaml,input template,blank package and identification,operator input schema,,154,9f539f24a992f615b6009c5187a569334efddeedec96db27c7b22d992bf6cecd
templates/drive_eff_map_template.csv,input template,blank package and identification,operator input schema,,236,7a0f2240457a42a70d7b82666a0228464f2200601d31a8f597021b5080422a17
templates/drive_schedule_template.yaml,input template,blank package and identification,operator input schema,,178,5ee5f352a9d1a007890bb09fd0f0a13964da9f6dd3a7d3e4a6da7e1ac5184f79
templates/identification/actual_event_annotations_template.yaml,input template,blank package and identification,operator input schema,,356,6b29e585980103da813c6723ca82acab7a98d08fab8388c81155992b75a0ae49
templates/identification/battery_pulse_template.csv,input template,blank package and identification,operator input schema,,80,ddf493bf03d24357b9c086fc12bfe6f89efb09350dadf70680e7e4a570c10a3f
templates/identification/battery_rest_template.csv,input template,blank package and identification,operator input schema,,93,069ebd4680b0a9c344e650f52d87142407e1e25957aeeab9160939b2063c7524
templates/identification/bom_hourly_solar_route_template.csv,input template,blank package and identification,operator input schema,,330,3b4de04fdfc98fbb7ebe7af20ffaad189a454734440379858d6ff028893668e1
templates/identification/counterfactual_no_trouble_template.yaml,input template,blank package and identification,operator input schema,,465,34eaad8355fd1655b0072287fec30116edf4dca587b0f0e97ddc8b4b607f2ddc
templates/identification/drive_timeseries_template.csv,input template,blank package and identification,operator input schema,,214,0a117baece04d1c56d88b83a57a076d0e8c0fc0c1041729ee89067c55def6076
templates/identification/evidence_notes_template.md,input template,blank package and identification,operator input schema,,550,2cf67cec1f2db4e7b8e3ee6faa695f269931b324d5ae2e8827b5d1b93afeb3c9
templates/identification/gps_track_template.csv,input template,blank package and identification,operator input schema,,70,1854b36905105ed68870f5fb468c11e047a122efdc09f62fbb1d7a5b346ed652
templates/identification/grounded_map_sources_template.yaml,input template,blank package and identification,operator input schema,,1014,beb34f63f61554c51bc043ba3c801f1a0f702262f6123d19c719e897a2ca4aba
templates/identification/observed_replay_log_template.csv,input template,blank package and identification,operator input schema,,352,c27f3f17b7027a53ac3b8943603ce21c81ea409e25d67ffa8024491e991866c3
templates/identification/panel_sweep_template.csv,input template,blank package and identification,operator input schema,,113,21fab2c567f12a4d15da9e64eb99b6bb75fe3bf70dae92d406c9bf9606462938
templates/identification/source_map_catalog_template.csv,input template,blank package and identification,operator input schema,,360,5ccc5d82cfb4fdf2bf580fdfb806629d2567571e2282519d07ecef4d965e9ceb
templates/identification/terminal_anchor_template.yaml,input template,blank package and identification,operator input schema,,206,9245dbc648b0a9174fad280da40f196be3550912363e5420415afd8aa8acd891
templates/identification_manifest_template.yaml,input template,blank package and identification,operator input schema,,2334,f7006e7536880a31cdb98dcac5be36de7f6eedf7c62f117e021ea3c98c063a3a
templates/motor_tau_limit_template.csv,input template,blank package and identification,operator input schema,,50,3ef029c5d3ed63b6ce20b749afe0c9052e098d18c199f204983fe6ddeeb53cdd
templates/mppt_eff_map_template.csv,input template,blank package and identification,operator input schema,,155,8b393a64a85c55c4772054f4aac5d2051950bc29ecf12de17c123f261ca4a8e8
templates/network/esp32_planner_receiver_example.ino,input template,blank package and identification,operator input schema,,1650,99d5e6321f103330444ff30a8d9182bbfb921829fc91fd5fa69f4db4ab08f2b0
templates/ocv_soc_curve_template.csv,input template,blank package and identification,operator input schema,,50,423be6738965122d812cde8aee8435ffd61ee633631ebe88d4175d98bef0a027
templates/panel_eff_map_template.csv,input template,blank package and identification,operator input schema,,155,e333071320680bdc8661f6cad4309c387f4f751380c67fdb4092ebf4d29aef4c
templates/regen_eff_map_template.csv,input template,blank package and identification,operator input schema,,334,669120b39eb79a0fd6c6e497f76a4c1f802921e0e5021e97ab6eb317a3044d2b
templates/rint_map_template.csv,input template,blank package and identification,operator input schema,,132,3b489cedacc9267a1be7a5d614ca6ea1fb9dd746c32a5a87d4bf1c142f3d702e
templates/route_profile_template.csv,input template,blank package and identification,operator input schema,,73,b2f7911deb767186d66e88f2ea9d88f4628edbaf7555182d83ec98e6f1bf41d5
templates/solar_params_template.yaml,input template,blank package and identification,operator input schema,,1241,015ad3a66494f196d8cde8236535fd5e5a07bc50fe83248896a3d79a3c02f1a1
templates/speed_profile_template.csv,input template,blank package and identification,operator input schema,,41,1a31ff360da1e5e11c8d294199abcd0ab25bef998c9c8e4c1459d5d33ca8acfd
tests/test_bom_satellite_solar_import.py,validation source,regression tests,test source,,2812,1fd070201bab60de3fa8335e27aabd1ec4df0a68e6c56914f1d3874df7130d1e
tests/test_dashboard_status.py,validation source,regression tests,test source,,1366,fda9b210a1638e4b924a08beff47fed900b2aa1bf46117901b633bac7b2f2c22
tests/test_fit_vehicle_params.py,validation source,regression tests,test source,,720,91ac1fc964d0204922490ebf33ca4bc47d116894be7552c1eab0ec5e8de485c7
tests/test_forecast_grid.py,validation source,regression tests,test source,,1645,99299615c86ee2d34408c300262218b97e441145e9227fbf4f4acb18756e3e0a
tests/test_gpu_upper_policy_search.py,validation source,regression tests,test source,,24445,25a48f1355dbcf33873c6adc9a86944f45138a57781e2ea3aef0b8a2b7d7d6c7
tests/test_historical_weather_counterfactual.py,validation source,regression tests,test source,,6507,95ca0dba202354e6bb8df12556fd089ae42ee8159b35fffbce404b8d3de33a49
tests/test_identification_and_upper_solver.py,validation source,regression tests,test source,,90559,3a49c5c0f0b39518cbcde9a184a84d6a64e33aa3bd61c82b45ea1324ca5d9988
tests/test_identification_residual_audit.py,validation source,regression tests,test source,,2917,11d16f19887ea36286aa134b8c810705a629a4133e1334b2aaff62b3e4ef475f
tests/test_ros_package_layout.py,validation source,regression tests,test source,,19953,2d45120bcce31b999e5dc03ca22c01c8930d1869945d99cf76fb0d5a349495e3
tests/test_route_profile_averaging.py,validation source,regression tests,test source,,1006,543316942e83569d9d3471c5f121ac54be8a55eb2087c9279b56ff8d16d27835
tests/test_sim_detail_mesh_grafana.py,validation source,regression tests,test source,,17975,005ced08fb3d30e844b4454f189f03b229e52dead70b22fe884fd50c91c1237f
tests/test_solar_autocal_logic.py,validation source,regression tests,test source,,842,361811b4953d0061dcf3ae5836f05429279efb393706737237fa775e59def7da
tests/test_solar_preflight_logic.py,validation source,regression tests,test source,,1299,204e7fdd73589dbc641dc7d7a9568c14b9a365c1fd45877db933e12df3a3fe86
tests/test_solar_sim_regressions.py,validation source,regression tests,test source,,12058,a69cc483559a7e19023b06a2c6a8f0ea75a8e7f6069f26982da6c15383f0f3e9
tests/test_telemetry_protocol.py,validation source,regression tests,test source,,1654,029dc2e01ce1fc90d5b7774ad85bfa50687c2624b7acb395d0378601812b5138
tests/test_upper_horizon.py,validation source,regression tests,test source,,1319,3f6d496191c50c750e6318e825164df14ceef424c919a07949a2d1b850bb383b
tests/test_weather_identification_pipeline.py,validation source,regression tests,test source,,7112,51a0684161444bc3f3db597e742d02748a9a5a4d9d5f93e8e74a51247f461442
