ZP Download Data,,,,,,,,
2025/8/23 11:12,,,,,,,,
C:\Users\aoit0\OneDrive\デスクトップ\BWSC2025ZPデータ\ZP_Datayosen.csv,,,,,,,,
データ記録=,5秒間隔,,,,,,,
データ数=,1365,,,,,,,
No,Solar[A],Battery[A],Main_Volt[V],Solar_Watt[W],Battery_Watt[W],Sub_Volt[V],Speed[kmh],
1,0,0.19,23.1,0,4.4,0,0,
2,0,0.2,22.1,0,4.4,0,0,
3,0,0.2,21,0,4.2,0,0,
4,0,0.43,84.3,0,36.2,0,0,
5,0,0.2,100,0,20,0,0,
6,0,0.2,100,0,20,0,0,
7,0,0.2,100,0,20,0,0,
8,0,0.2,100,0,20,0,0,
9,0,0.2,100,0,20,0,0,
10,0,0.2,100,0,20,0,0,
11,0,0.2,100,0,20,0,0,
12,0,0.2,100,0,20,0,0,
13,0,0.2,100,0,20,0,0,
14,0,0.2,100,0,20,0,0,
15,0,0.2,100,0,20,0,0,
16,0,0.2,100,0,20,0,0,
17,0,0.2,100,0,20,0,0,
18,0,0.2,100,0,20,0,0,
19,0,0.2,100,0,20,0,0,
20,0,0.2,100,0,20,0,0,
21,0,0.2,100,0,20,0,0,
22,0,0.2,100,0,20,0,0,
23,0,0.2,100,0,20,0,0,
24,0,0.2,100,0,20,0,0,
25,0,0.2,100,0,20,0,0,
26,0,0.2,100,0,20,0,0,
27,0,0.2,100,0,20,0,0,
28,0,0.2,100,0,20,0,0,
29,0,0.2,100,0,20,0,0,
30,0,0.21,100,0,21,0,0,
31,0,0.2,100,0,20,0,0,
32,0,0.2,100,0,20,0,0,
33,0,0.2,100,0,20,0,0,
34,0,0.2,100,0,20,0,0,
35,0,0.2,100,0,20,0,0,
36,0,0.2,100,0,20,0,0,
37,0,0.2,100,0,20,0,0,
38,0,0.2,100,0,20,0,0,
39,0,0.2,100,0,20,0,0,
40,0,0.2,100,0,20,0,0,
41,0,0.2,100,0,20,0,0,
42,0,0.2,100,0,20,0,0,
43,0,0.2,100,0,20,0,0,
44,0,0.2,100,0,20,0,0,
45,0,0.2,100,0,20,0,0,
46,0,0.2,100,0,20,0,0,
47,0,0.2,100,0,20,0,0,
48,0,0.2,100,0,20,0,0,
49,0,0.2,100,0,20,0,0,
50,0,0.2,100,0,20,0,0,
51,0,0.2,100,0,20,0,0,
52,0,0.2,100,0,20,0,0,
53,0,0.2,100,0,20,0,0,
54,0,0.2,100,0,20,0,0,
55,0,0.2,100,0,20,0,0,
56,0,0.2,100,0,20,0,0,
57,0,0.2,100,0,20,0,0,
58,0,0.2,100,0,20,0,0,
59,0,0.2,100,0,20,0,0,
60,0,0.2,100,0,20,0,0,
61,0,0.2,100,0,20,0,0,
62,0,0.2,100,0,20,0,0,
63,0,0.2,100,0,20,0,0,
64,0,0.2,100,0,20,0,0,
65,0,0.2,100,0,20,0,0,
66,0,0.2,100,0,20,0,0,
67,0,0.2,100,0,20,0,0,
68,0,0.2,100,0,20,0,0,
69,0,0.2,100,0,20,0,0,
70,0,0.2,100,0,20,0,0,
71,0,0.2,100,0,20,0,0,
72,0,0.2,100,0,20,0,0,
73,0,0.2,100,0,20,0,0,
74,0,0.2,100,0,20,0,0,
75,0,0.2,100,0,20,0,0,
76,0,0.21,100,0,21,0,0,
77,0,0.2,100,0,20,0,0,
78,0,0.2,100,0,20,0,0,
79,0,0.2,100,0,20,0,0,
80,0,0.2,100,0,20,0,0,
81,0,0.2,100,0,20,0,0,
82,0,0.2,100,0,20,0,0,
83,0,0.2,100,0,20,0,0,
84,0,0.21,100,0,21,0,0,
85,0,0.2,100,0,20,0,0,
86,0,0.2,100,0,20,0,0,
87,0,0.2,100,0,20,0,0,
88,0,0.2,100,0,20,0,0,
89,0,0.2,100,0,20,0,0,
90,0,0.2,100,0,20,0,0,
91,9.53,-8.59,101.3,965.4,-870.2,0,0,
92,9.54,-8.61,101.3,966.4,-872.2,0,0,
93,9.55,-8.62,101.3,967.4,-873.2,0,0,
94,9.56,-8.63,101.4,969.4,-875.1,0,0,
95,9.56,-8.64,101.5,970.3,-877,0,0,
96,9.58,-8.64,101.5,972.4,-877,0,0,
97,9.57,-8.64,101.5,971.4,-877,0,0,
98,9.59,-8.65,101.5,973.4,-878,0,0,
99,9.58,-8.64,101.5,972.4,-877,0,0,
100,9.59,-8.66,101.5,973.4,-879,0,0,
101,9.59,-8.65,101.5,973.4,-878,0,0,
102,9.58,-8.64,101.6,973.3,-877.8,0,0,
103,9.57,-8.64,101.6,972.3,-877.8,0,0,
104,9.53,-8.6,101.6,968.2,-873.8,0,0,
105,9.5,-8.58,101.6,965.2,-871.7,0,0,
106,9.48,-8.55,101.6,963.2,-868.7,0,0,
107,9.45,-8.53,101.6,960.1,-866.6,0,0,
108,9.41,-8.5,101.6,956.1,-863.6,0,0,
109,9.39,-8.46,101.6,954,-859.5,0,0,
110,9.36,-8.45,101.6,951,-858.5,0,0,
111,9.32,-8.41,101.6,946.9,-854.5,0,0,
112,9.3,-8.39,101.6,944.9,-852.4,0,0,
113,9.28,-8.37,101.7,943.8,-851.2,0,0,
114,9.26,-8.36,101.7,941.7,-850.2,0,0,
115,9.24,-8.32,101.7,939.7,-846.1,0,0,
116,9.23,-8.31,101.7,938.7,-845.1,0,0,
117,9.21,-8.29,101.8,937.6,-843.9,0,0,
118,9.17,-8.27,101.8,933.5,-841.9,0,0,
119,9.16,-8.26,101.8,932.5,-840.9,0,0,
120,9.16,-8.26,101.8,932.5,-840.9,0,0,
121,9.15,-8.26,101.8,931.5,-840.9,0,0,
122,9.13,-8.23,101.8,929.4,-837.8,0,0,
123,9.06,-8.16,101.8,922.3,-830.7,0,0,
124,9.22,-8.3,101.8,938.6,-844.9,0,0,
125,9.2,-8.29,101.8,936.6,-843.9,0,0,
126,9.18,-8.27,101.8,934.5,-841.9,0,0,
127,9.15,-8.26,101.8,931.5,-840.9,0,0,
128,9.13,-8.23,101.8,929.4,-837.8,0,0,
129,9.11,-8.22,101.8,927.4,-836.8,0,0,
130,8.97,-8.08,101.8,913.1,-822.5,0,0,
131,8.97,-8.08,101.8,913.1,-822.5,0,0,
132,8.96,-8.07,101.8,912.1,-821.5,0,0,
133,9.02,-8.12,101.8,918.2,-826.6,0,0,
134,9,-8.1,101.8,916.2,-824.6,0,0,
135,8.96,-8.07,101.8,912.1,-821.5,0,0,
136,8.94,-8.07,101.8,910.1,-821.5,0,0,
137,8.92,-8.02,101.8,908.1,-816.4,0,0,
138,8.89,-8,101.8,905,-814.4,0,0,
139,8.87,-7.97,101.8,903,-811.3,0,0,
140,8.86,-7.97,101.8,901.9,-811.3,0,0,
141,8.83,-7.96,101.8,898.9,-810.3,0,0,
142,8.76,-7.88,101.8,891.8,-802.2,0,0,
143,8.65,-7.78,101.8,880.6,-792,0,0,
144,8.81,-7.93,101.9,897.7,-808.1,0,0,
145,8.79,-7.91,101.8,894.8,-805.2,0,0,
146,8.77,-7.89,101.9,893.7,-804,0,0,
147,8.76,-7.88,101.9,892.6,-803,0,0,
148,8.74,-7.86,101.8,889.7,-800.1,0,0,
149,8.72,-7.85,101.9,888.6,-799.9,0,0,
150,8.7,-7.84,101.9,886.5,-798.9,0,0,
151,8.67,-7.81,101.9,883.5,-795.8,0,0,
152,8.57,-7.72,101.9,873.3,-786.7,0,0,
153,8.63,-7.77,101.9,879.4,-791.8,0,0,
154,8.6,-7.73,101.9,876.3,-787.7,0,0,
155,8.57,-7.71,101.9,873.3,-785.6,0,0,
156,8.55,-7.68,101.9,871.2,-782.6,0,0,
157,8.54,-7.68,101.9,870.2,-782.6,0,0,
158,8.52,-7.66,101.9,868.2,-780.6,0,0,
159,8.5,-7.65,101.9,866.2,-779.5,0,0,
160,8.5,-7.64,101.9,866.2,-778.5,0,0,
161,8.48,-7.62,101.9,864.1,-776.5,0,0,
162,8.46,-7.62,101.9,862.1,-776.5,0,0,
163,8.45,-7.6,101.9,861.1,-774.4,0,0,
164,8.44,-7.58,101.9,860,-772.4,0,0,
165,8.43,-7.58,101.9,859,-772.4,0,0,
166,8.41,-7.56,101.9,857,-770.4,0,0,
167,8.4,-7.55,101.9,856,-769.3,0,0,
168,8.39,-7.53,101.9,854.9,-767.3,0,0,
169,8.39,-7.53,101.9,854.9,-767.3,0,0,
170,8.37,-7.52,101.9,852.9,-766.3,0,0,
171,8.37,-7.52,101.9,852.9,-766.3,0,0,
172,8.36,-7.52,101.9,851.9,-766.3,0,0,
173,8.36,-7.52,101.9,851.9,-766.3,0,0,
174,8.36,-7.52,101.9,851.9,-766.3,0,0,
175,8.35,-7.51,101.9,850.9,-765.3,0,0,
176,8.34,-7.49,101.9,849.8,-763.2,0,0,
177,8.32,-7.48,101.9,847.8,-762.2,0,0,
178,8.31,-7.48,102,847.6,-763,0,0,
179,8.3,-7.45,101.9,845.8,-759.2,0,0,
180,8.29,-7.44,101.9,844.8,-758.1,0,0,
181,8.27,-7.43,102,843.5,-757.9,0,0,
182,8.26,-7.42,102,842.5,-756.8,0,0,
183,8.24,-7.4,101.9,839.7,-754.1,0,0,
184,8.23,-7.39,102,839.5,-753.8,0,0,
185,8.22,-7.38,102,838.4,-752.8,0,0,
186,8.21,-7.37,102,837.4,-751.7,0,0,
187,0,0.2,100.9,0,20.2,0,0,
188,0,0.2,100.9,0,20.2,0,0,
189,0,0.2,100.8,0,20.2,0,0,
190,0,0.2,100.7,0,20.1,0,0,
191,0,0.2,100.7,0,20.1,0,0,
192,0,0.2,100.7,0,20.1,0,0,
193,0,0.2,100.7,0,20.1,0,0,
194,0,0.2,100.7,0,20.1,0,0,
195,0,0.2,100.7,0,20.1,0,0,
196,0,0.2,100.7,0,20.1,0,0,
197,0,0.2,100.6,0,20.1,0,0,
198,0,0.2,100.6,0,20.1,0,0,
199,0,0.2,100.6,0,20.1,0,0,
200,0,0.2,100.6,0,20.1,0,0,
201,0,0.2,100.6,0,20.1,0,0,
202,0,0.2,100.6,0,20.1,0,0,
203,0,0.2,100.6,0,20.1,0,0,
204,0,0.2,100.6,0,20.1,0,0,
205,0,0.2,100.6,0,20.1,0,0,
206,0,0.2,100.6,0,20.1,0,0,
207,0,0.2,100.6,0,20.1,0,0,
208,0,0.2,100.6,0,20.1,0,0,
209,0,0.2,100.6,0,20.1,0,0,
210,0,0.2,100.6,0,20.1,0,0,
211,0,0.2,100.6,0,20.1,0,0,
212,0,0.2,100.6,0,20.1,0,0,
213,0,0.2,100.6,0,20.1,0,0,
214,0,0.2,100.6,0,20.1,0,0,
215,0,0.2,100.5,0,20.1,0,0,
216,0,0.2,100.6,0,20.1,0,0,
217,0,0.2,100.5,0,20.1,0,0,
218,0,0.2,100.5,0,20.1,0,0,
219,0,0.2,100.4,0,20.1,0,0,
220,0,0.2,100.4,0,20.1,0,0,
221,0,0.2,100.4,0,20.1,0,0,
222,0,0.2,100.4,0,20.1,0,0,
223,0,0.2,100.4,0,20.1,0,0,
224,0,0.2,100.4,0,20.1,0,0,
225,0,0.2,100.4,0,20.1,0,0,
226,0,0.2,100.4,0,20.1,0,0,
227,0,0.2,100.4,0,20.1,0,0,
228,0,0.2,100.4,0,20.1,0,0,
229,0,0.2,100.4,0,20.1,0,0,
230,0,0.2,100.4,0,20.1,0,0,
231,0,0.2,100.4,0,20.1,0,0,
232,0,0.2,100.4,0,20.1,0,0,
233,0,0.2,100.4,0,20.1,0,0,
234,0,0.2,100.4,0,20.1,0,0,
235,0,0.2,100.4,0,20.1,0,0,
236,0,0.2,100.4,0,20.1,0,0,
237,0,0.2,100.4,0,20.1,0,0,
238,0,0.2,100.4,0,20.1,0,0,
239,0,0.2,100.4,0,20.1,0,0,
240,0,0.2,100.4,0,20.1,0,0,
241,0,0.2,100.4,0,20.1,0,0,
242,0,0.2,100.4,0,20.1,0,0,
243,0,0.2,100.4,0,20.1,0,0,
244,0,0.2,100.4,0,20.1,0,0,
245,0,0.2,100.4,0,20.1,0,0,
246,0,0.2,100.4,0,20.1,0,0,
247,0,0.2,100.4,0,20.1,0,0,
248,0,0.2,100.4,0,20.1,0,0,
249,0,0.2,100.4,0,20.1,0,0,
250,0,0.2,100.4,0,20.1,0,0,
251,0,0.2,100.4,0,20.1,0,0,
252,0,0.2,100.4,0,20.1,0,0,
253,0,0.2,100.4,0,20.1,0,0,
254,0,0.2,100.4,0,20.1,0,0,
255,0,0.2,100.4,0,20.1,0,0,
256,0,0.2,100.4,0,20.1,0,0,
257,0,0.2,100.4,0,20.1,0,0,
258,0,0.2,100.4,0,20.1,0,0,
259,0,0.2,100.4,0,20.1,0,0,
260,0,0.2,100.4,0,20.1,0,0,
261,0,0.2,100.4,0,20.1,0,0,
262,0,0.2,100.4,0,20.1,0,0,
263,0,0.2,100.4,0,20.1,0,0,
264,0,0.2,100.4,0,20.1,0,0,
265,0,0.2,100.4,0,20.1,0,0,
266,0,0.2,100.4,0,20.1,0,0,
267,0,0.2,100.4,0,20.1,0,0,
268,0,0.2,100.4,0,20.1,0,0,
269,0,0.2,100.4,0,20.1,0,0,
270,0,0.2,100.4,0,20.1,0,0,
271,0,0.2,100.4,0,20.1,0,0,
272,0,0.2,100.4,0,20.1,0,0,
273,0,0.2,100.4,0,20.1,0,0,
274,0,0.2,100.4,0,20.1,0,0,
275,0,0.2,100.4,0,20.1,0,0,
276,0,0.2,100.4,0,20.1,0,0,
277,0,0.2,100.3,0,20.1,0,0,
278,0,0.2,100.4,0,20.1,0,0,
279,0,0.2,100.4,0,20.1,0,0,
280,0,0.2,100.4,0,20.1,0,0,
281,0,0.2,100.4,0,20.1,0,0,
282,0,0.2,100.4,0,20.1,0,0,
283,0,0.2,100.4,0,20.1,0,0,
284,0,0.2,100.4,0,20.1,0,0,
285,0,0.2,100.4,0,20.1,0,0,
286,0,0.2,100.3,0,20.1,0,0,
287,0,0.2,100.4,0,20.1,0,0,
288,0,0.2,100.4,0,20.1,0,0,
289,0,0.2,100.4,0,20.1,0,0,
290,0,0.2,100.4,0,20.1,0,0,
291,0,0.2,100.4,0,20.1,0,0,
292,0,0.2,100.4,0,20.1,0,0,
293,0,0.2,100.4,0,20.1,0,0,
294,0,0.2,100.4,0,20.1,0,0,
295,0,0.2,100.4,0,20.1,0,0,
296,0,0.2,100.4,0,20.1,0,0,
297,0,0.2,100.4,0,20.1,0,0,
298,0,0.2,100.4,0,20.1,0,0,
299,0,0.2,100.3,0,20.1,0,0,
300,0,0.2,100.4,0,20.1,0,0,
301,0,0.2,100.3,0,20.1,0,0,
302,0,0.2,100.3,0,20.1,0,0,
303,0,0.2,100.3,0,20.1,0,0,
304,0,0.2,100.3,0,20.1,0,0,
305,0,0.2,100.4,0,20.1,0,0,
306,0,0.2,100.4,0,20.1,0,0,
307,0,0.2,100.4,0,20.1,0,0,
308,0,0.2,100.3,0,20.1,0,0,
309,0,0.2,100.4,0,20.1,0,0,
310,0,0.2,100.3,0,20.1,0,0,
311,0,0.2,100.3,0,20.1,0,0,
312,0,0.2,100.3,0,20.1,0,0,
313,0,0.2,100.3,0,20.1,0,0,
314,0,0.2,100.4,0,20.1,0,0,
315,0,0.2,100.4,0,20.1,0,0,
316,0,0.2,100.3,0,20.1,0,0,
317,0,0.2,100.3,0,20.1,0,0,
318,0,0.2,100.3,0,20.1,0,0,
319,0,0.2,100.3,0,20.1,0,0,
320,0,0.2,100.3,0,20.1,0,0,
321,0,0.2,100.4,0,20.1,0,0,
322,0,0.2,100.4,0,20.1,0,0,
323,0,0.2,100.3,0,20.1,0,0,
324,0,0.2,100.3,0,20.1,0,0,
325,0,0.2,100.3,0,20.1,0,0,
326,0,0.2,100.3,0,20.1,0,0,
327,0,0.2,100.3,0,20.1,0,0,
328,0,0.2,100.4,0,20.1,0,0,
329,0,0.2,100.4,0,20.1,0,0,
330,0,0.2,100.3,0,20.1,0,0,
331,0,0.2,100.3,0,20.1,0,0,
332,0,0.2,100.4,0,20.1,0,0,
333,0,0.2,100.3,0,20.1,0,0,
334,0,0.2,100.3,0,20.1,0,0,
335,0,0.2,100.3,0,20.1,0,0,
336,0,0.2,100.3,0,20.1,0,0,
337,0,0.21,100.4,0,21.1,0,0,
338,0,0.2,100.4,0,20.1,0,0,
339,0,0.2,100.3,0,20.1,0,0,
340,0,0.2,100.3,0,20.1,0,0,
341,0,0.2,100.4,0,20.1,0,0,
342,0,0.2,100.3,0,20.1,0,0,
343,0,0.2,100.3,0,20.1,0,0,
344,0,0.2,100.3,0,20.1,0,0,
345,0,0.2,100.3,0,20.1,0,0,
346,0,0.2,100.4,0,20.1,0,0,
347,0,0.2,100.3,0,20.1,0,0,
348,0,0.2,100.3,0,20.1,0,0,
349,0,0.2,100.3,0,20.1,0,0,
350,0,0.2,100.3,0,20.1,0,0,
351,0,0.2,100.3,0,20.1,0,0,
352,0,0.2,100.3,0,20.1,0,0,
353,0,0.2,100.3,0,20.1,0,0,
354,0,0.2,100.3,0,20.1,0,0,
355,0,0.2,100.3,0,20.1,0,0,
356,0,0.2,100.3,0,20.1,0,0,
357,0,0.2,100.3,0,20.1,0,0,
358,0,0.2,100.3,0,20.1,0,0,
359,0,0.2,100.4,0,20.1,0,0,
360,0,0.2,100.4,0,20.1,0,0,
361,0,0.2,100.3,0,20.1,0,0,
362,0,0.2,100.3,0,20.1,0,0,
363,0,0.2,100.3,0,20.1,0,0,
364,0,0.2,100.3,0,20.1,0,0,
365,0,0.2,100.3,0,20.1,0,0,
366,0,0.2,100.3,0,20.1,0,0,
367,0,0.2,100.3,0,20.1,0,0,
368,0,0.2,100.3,0,20.1,0,0,
369,0,0.2,100.3,0,20.1,0,0,
370,0,0.2,100.3,0,20.1,0,0,
371,0,0.21,100.3,0,21.1,0,0,
372,0,0.2,100.3,0,20.1,0,0,
373,0,0.2,100.3,0,20.1,0,0,
374,0,0.2,100.3,0,20.1,0,0,
375,0,0.2,100.3,0,20.1,0,0,
376,0,0.2,100.3,0,20.1,0,0,
377,0,0.2,100.3,0,20.1,0,0,
378,0,0.2,100.3,0,20.1,0,0,
379,0,0.2,100.3,0,20.1,0,0,
380,0,0.2,100.3,0,20.1,0,0,
381,0,0.2,100.3,0,20.1,0,0,
382,0,0.2,100.3,0,20.1,0,0,
383,0,0.2,100.3,0,20.1,0,0,
384,0,0.2,100.3,0,20.1,0,0,
385,0,0.2,100.3,0,20.1,0,0,
386,0,0.2,100.3,0,20.1,0,0,
387,0,0.2,100.3,0,20.1,0,0,
388,0,0.2,100.3,0,20.1,0,0,
389,0,0.2,100.3,0,20.1,0,0,
390,0,0.2,100.3,0,20.1,0,0,
391,0,0.2,100.3,0,20.1,0,0,
392,0,0.2,100.3,0,20.1,0,0,
393,0,0.2,100.3,0,20.1,0,0,
394,0,0.2,100.3,0,20.1,0,0,
395,0,0.2,100.3,0,20.1,0,0,
396,0,0.2,100.3,0,20.1,0,0,
397,0,0.2,100.3,0,20.1,0,0,
398,0,0.2,100.3,0,20.1,0,0,
399,0,0.21,100.3,0,21.1,0,0,
400,0,0.2,100.3,0,20.1,0,0,
401,0,0.2,100.3,0,20.1,0,0,
402,0,0.2,100.3,0,20.1,0,0,
403,0,0.2,100.3,0,20.1,0,0,
404,0,0.2,100.3,0,20.1,0,0,
405,0,0.2,100.3,0,20.1,0,0,
406,0,0.2,100.3,0,20.1,0,0,
407,0,0.2,100.3,0,20.1,0,0,
408,0,0.2,100.3,0,20.1,0,0,
409,0,0.2,100.3,0,20.1,0,0,
410,0,0.2,100.3,0,20.1,0,0,
411,0,0.2,100.3,0,20.1,0,0,
412,0,0.2,100.3,0,20.1,0,0,
413,0,0.21,100.3,0,21.1,0,0,
414,0,0.2,100.3,0,20.1,0,0,
415,0,0.2,100.3,0,20.1,0,0,
416,0,0.2,100.3,0,20.1,0,0,
417,0,0.2,100.3,0,20.1,0,0,
418,0,0.2,100.3,0,20.1,0,0,
419,0,0.2,100.3,0,20.1,0,0,
420,0,0.2,100.3,0,20.1,0,0,
421,0,0.2,100.3,0,20.1,0,0,
422,0,0.2,100.3,0,20.1,0,0,
423,0,0.2,100.3,0,20.1,0,0,
424,0,0.2,100.3,0,20.1,0,0,
425,0,0.2,100.3,0,20.1,0,0,
426,0,0.2,100.3,0,20.1,0,0,
427,0,0.2,100.3,0,20.1,0,0,
428,0,0.2,100.3,0,20.1,0,0,
429,0,0.2,100.3,0,20.1,0,0,
430,0,0.2,100.3,0,20.1,0,0,
431,0,0.2,100.3,0,20.1,0,0,
432,0,0.2,100.3,0,20.1,0,0,
433,0,0.2,100.3,0,20.1,0,0,
434,0,0.2,100.3,0,20.1,0,0,
435,0,0.2,100.3,0,20.1,0,0,
436,0,0.2,100.3,0,20.1,0,0,
437,0,0.2,100.3,0,20.1,0,0,
438,0,0.2,100.3,0,20.1,0,0,
439,0,0.2,100.3,0,20.1,0,0,
440,0,0.2,100.3,0,20.1,0,0,
441,0,0.2,100.3,0,20.1,0,0,
442,0,0.2,100.3,0,20.1,0,0,
443,0,0.2,100.3,0,20.1,0,0,
444,0,0.2,100.3,0,20.1,0,0,
445,0,0.2,100.3,0,20.1,0,0,
446,0,0.2,100.3,0,20.1,0,0,
447,0,0.2,100.3,0,20.1,0,0,
448,0,0.2,100.3,0,20.1,0,0,
449,0,0.2,100.3,0,20.1,0,0,
450,0,0.2,100.3,0,20.1,0,0,
451,0,0.2,100.3,0,20.1,0,0,
452,0,0.2,100.3,0,20.1,0,0,
453,0,0.2,100.3,0,20.1,0,0,
454,0,0.2,100.3,0,20.1,0,0,
455,0,0.2,100.3,0,20.1,0,0,
456,0,0.2,100.3,0,20.1,0,0,
457,0,0.2,100.3,0,20.1,0,0,
458,0,0.2,100.3,0,20.1,0,0,
459,0,0.2,100.3,0,20.1,0,0,
460,0,0.2,100.3,0,20.1,0,0,
461,0,0.2,100.3,0,20.1,0,0,
462,0,0.2,100.3,0,20.1,0,0,
463,0,0.2,100.3,0,20.1,0,0,
464,0,0.2,100.3,0,20.1,0,0,
465,0,0.2,100.3,0,20.1,0,0,
466,0,0.2,100.3,0,20.1,0,0,
467,0,0.21,100.3,0,21.1,0,0,
468,0,0.2,100.3,0,20.1,0,0,
469,0,0.2,100.3,0,20.1,0,0,
470,0,0.2,100.3,0,20.1,0,0,
471,0,0.2,100.3,0,20.1,0,0,
472,0,0.2,100.3,0,20.1,0,0,
473,0,0.2,100.3,0,20.1,0,0,
474,0,0.2,100.3,0,20.1,0,0,
475,0,0.2,100.3,0,20.1,0,0,
476,0,0.2,100.3,0,20.1,0,0,
477,0,0.2,100.3,0,20.1,0,0,
478,0,0.2,100.3,0,20.1,0,0,
479,0,0.2,100.3,0,20.1,0,0,
480,0,0.2,100.3,0,20.1,0,0,
481,0,0.2,100.3,0,20.1,0,0,
482,0,0.2,100.3,0,20.1,0,0,
483,0,0.2,100.3,0,20.1,0,0,
484,0,0.2,100.3,0,20.1,0,0,
485,0,0.2,100.3,0,20.1,0,0,
486,0,0.2,100.3,0,20.1,0,0,
487,0,0.2,100.3,0,20.1,0,0,
488,0,0.2,100.3,0,20.1,0,0,
489,0,0.2,100.3,0,20.1,0,0,
490,0,0.2,100.3,0,20.1,0,0,
491,0,0.2,100.3,0,20.1,0,0,
492,0,0.2,100.3,0,20.1,0,0,
493,0,0.2,100.3,0,20.1,0,0,
494,0,0.2,100.3,0,20.1,0,0,
495,0,0.2,100.3,0,20.1,0,0,
496,0,0.2,100.3,0,20.1,0,0,
497,0,0.2,100.3,0,20.1,0,0,
498,0,0.2,100.3,0,20.1,0,0,
499,0,0.2,100.3,0,20.1,0,0,
500,0,0.2,100.3,0,20.1,0,0,
501,0,0.2,100.3,0,20.1,0,0,
502,0,0.2,100.3,0,20.1,0,0,
503,0,0.2,100.3,0,20.1,0,0,
504,0,0.2,100.3,0,20.1,0,0,
505,0,0.2,100.3,0,20.1,0,0,
506,0,0.2,100.3,0,20.1,0,0,
507,0,0.2,100.3,0,20.1,0,0,
508,0,0.2,100.3,0,20.1,0,0,
509,0,0.2,100.3,0,20.1,0,0,
510,0,0.2,100.3,0,20.1,0,0,
511,0,0.2,100.3,0,20.1,0,0,
512,0,0.2,100.3,0,20.1,0,0,
513,0,0.2,100.3,0,20.1,0,0,
514,0,0.2,100.3,0,20.1,0,0,
515,0,0.2,100.3,0,20.1,0,0,
516,0,0.2,100.3,0,20.1,0,0,
517,0,0.2,100.3,0,20.1,0,0,
518,0,0.2,100.3,0,20.1,0,0,
519,0,0.2,100.3,0,20.1,0,0,
520,0,0.2,100.3,0,20.1,0,0,
521,0,0.2,100.3,0,20.1,0,0,
522,0,0.2,100.3,0,20.1,0,0,
523,0,0.2,100.3,0,20.1,0,0,
524,0,0.2,100.3,0,20.1,0,0,
525,0,0.2,100.3,0,20.1,0,0,
526,0,0.2,100.3,0,20.1,0,0,
527,0,0.2,100.3,0,20.1,0,0,
528,0,0.2,100.3,0,20.1,0,0,
529,0,0.2,100.3,0,20.1,0,0,
530,0,0.2,100.3,0,20.1,0,0,
531,0,0.2,100.3,0,20.1,0,0,
532,0,0.2,100.3,0,20.1,0,0,
533,0,0.2,100.3,0,20.1,0,0,
534,0,0.2,100.3,0,20.1,0,0,
535,0,0.2,100.3,0,20.1,0,0,
536,0,0.2,100.3,0,20.1,0,0,
537,0,0.2,100.3,0,20.1,0,0,
538,0,0.2,100.3,0,20.1,0,0,
539,0,0.2,100.3,0,20.1,0,0,
540,0,0.21,100.3,0,21.1,0,0,
541,0,0.2,100.3,0,20.1,0,0,
542,0,0.2,100.3,0,20.1,0,0,
543,0,0.2,100.3,0,20.1,0,0,
544,0,0.2,100.3,0,20.1,0,0,
545,0,0.2,100.3,0,20.1,0,0,
546,0,0.2,100.3,0,20.1,0,0,
547,0,0.2,100.3,0,20.1,0,0,
548,0,0.2,100.3,0,20.1,0,0,
549,0,0.2,100.3,0,20.1,0,0,
550,0,0.2,100.3,0,20.1,0,0,
551,0,0.2,100.3,0,20.1,0,0,
552,0,0.2,100.3,0,20.1,0,0,
553,0,0.2,100.3,0,20.1,0,0,
554,0,0.2,100.3,0,20.1,0,0,
555,0,0.2,100.3,0,20.1,0,0,
556,0,0.2,100.3,0,20.1,0,0,
557,0,0.2,100.3,0,20.1,0,0,
558,0,0.2,100.3,0,20.1,0,0,
559,0,0.2,100.3,0,20.1,0,0,
560,0,0.2,100.3,0,20.1,0,0,
561,0,0.2,100.3,0,20.1,0,0,
562,0,0.2,100.3,0,20.1,0,0,
563,0,0.2,100.3,0,20.1,0,0,
564,0,0.2,100.3,0,20.1,0,0,
565,0,0.2,100.3,0,20.1,0,0,
566,0,0.2,100.3,0,20.1,0,0,
567,0,0.2,100.3,0,20.1,0,0,
568,0,0.2,100.3,0,20.1,0,0,
569,0,0.2,100.3,0,20.1,0,0,
570,0,0.2,100.3,0,20.1,0,0,
571,0,0.2,100.3,0,20.1,0,0,
572,0,0.2,100.3,0,20.1,0,0,
573,0,0.2,100.3,0,20.1,0,0,
574,0,0.2,100.3,0,20.1,0,0,
575,0,0.2,100.3,0,20.1,0,0,
576,0,0.2,100.3,0,20.1,0,0,
577,0,0.2,100.3,0,20.1,0,0,
578,0,0.2,100.3,0,20.1,0,0,
579,0,0.2,100.3,0,20.1,0,0,
580,0,0.2,100.3,0,20.1,0,0,
581,0,0.2,100.3,0,20.1,0,0,
582,0,0.2,100.3,0,20.1,0,0,
583,0,0.2,100.3,0,20.1,0,0,
584,0,0.2,100.3,0,20.1,0,0,
585,0,0.2,100.3,0,20.1,0,0,
586,0,0.22,100.3,0,22.1,0,0,
587,0,0.23,100.3,0,23.1,0,0,
588,0,0.23,100.3,0,23.1,0,0,
589,0,0.23,100.3,0,23.1,0,0,
590,0,0.23,100.3,0,23.1,0,0,
591,0,0.23,100.3,0,23.1,0,0,
592,0,0.22,100.3,0,22.1,0,0,
593,0,0.22,100.3,0,22.1,0,0,
594,0,0.23,100.3,0,23.1,0,0,
595,0,0.23,100.3,0,23.1,0,0,
596,0,0.23,100.3,0,23.1,0,0,
597,0,0.23,100.3,0,23.1,0,0,
598,0,0.23,100.3,0,23.1,0,0,
599,0,0.23,100.3,0,23.1,0,0,
600,0,0.22,100.3,0,22.1,0,0,
601,0,0.23,100.3,0,23.1,0,0,
602,0,0.23,100.3,0,23.1,0,0,
603,0,0.23,100.3,0,23.1,0,0,
604,0,0.23,100.3,0,23.1,0,0,
605,0,0.22,100.3,0,22.1,0,0,
606,0,0.23,100.3,0,23.1,0,0,
607,0,0.23,100.3,0,23.1,0,0,
608,0,0.22,100.3,0,22.1,0,0,
609,0,0.23,100.3,0,23.1,0,0,
610,0,0.23,100.3,0,23.1,0,0,
611,0,0.23,100.3,0,23.1,0,0,
612,0,0.2,100.3,0,20.1,0,0,
613,0,0.2,100.3,0,20.1,0,0,
614,0,0.2,100.3,0,20.1,0,0,
615,0,0.2,100.3,0,20.1,0,0,
616,0,0.2,100.3,0,20.1,0,0,
617,0,0.2,100.3,0,20.1,0,0,
618,0,0.2,100.3,0,20.1,0,0,
619,0,0.2,100.3,0,20.1,0,0,
620,0,0.2,100.3,0,20.1,0,0,
621,0,0.2,100.3,0,20.1,0,2,
622,0,0.2,100.3,0,20.1,0,3,
623,0,0.2,100.3,0,20.1,0,4,
624,0,0.2,100.3,0,20.1,0,4,
625,0,0.2,100.3,0,20.1,0,4,
626,0,0.2,100.3,0,20.1,0,4,
627,0,0.2,100.3,0,20.1,0,4,
628,0,0.2,100.3,0,20.1,0,5,
629,0,0.2,100.3,0,20.1,0,5,
630,0,0.2,100.3,0,20.1,0,4,
631,0,0.2,100.3,0,20.1,0,5,
632,0,0.2,100.3,0,20.1,0,5,
633,0,0.2,100.3,0,20.1,0,4,
634,0,0.2,100.3,0,20.1,0,4,
635,0,0.2,100.3,0,20.1,0,4,
636,0,0.2,100.3,0,20.1,0,4,
637,0,0.2,100.3,0,20.1,0,4,
638,0,0.2,100.3,0,20.1,0,4,
639,0,0.2,100.3,0,20.1,0,3,
640,0,0.21,100.3,0,21.1,0,3,
641,0,0.2,100.3,0,20.1,0,4,
642,0,0.2,100.3,0,20.1,0,4,
643,0,0.2,100.3,0,20.1,0,4,
644,0,0.2,100.3,0,20.1,0,3,
645,0,0.2,100.3,0,20.1,0,3,
646,0,0.2,100.3,0,20.1,0,0,
647,0,0.2,100.3,0,20.1,0,0,
648,0,0.2,100.3,0,20.1,0,0,
649,0,0.23,100.3,0,23.1,0,0,
650,0,1.57,100,0,157,0,3,
651,0,0.94,100.1,0,94.1,0,7,
652,0,0.42,100.2,0,42.1,0,8,
653,0,0.31,100.2,0,31.1,0,8,
654,0,0.31,100.3,0,31.1,0,8,
655,0,0.3,100.3,0,30.1,0,7,
656,0,0.29,100.3,0,29.1,0,7,
657,0,0.28,100.3,0,28.1,0,6,
658,0,0.29,100.3,0,29.1,0,6,
659,0,0.29,100.3,0,29.1,0,6,
660,0,0.29,100.3,0,29.1,0,5,
661,0,0.3,100.3,0,30.1,0,5,
662,0,0.29,100.3,0,29.1,0,5,
663,0,0.3,100.3,0,30.1,0,5,
664,0,0.3,100.2,0,30.1,0,4,
665,0,0.29,100.2,0,29.1,0,4,
666,0,0.28,100.2,0,28.1,0,4,
667,0,0.29,100.3,0,29.1,0,4,
668,0,0.29,100.2,0,29.1,0,4,
669,0,1.01,100.1,0,101.1,0,5,
670,0,0.31,100.3,0,31.1,0,6,
671,0,0.3,100.3,0,30.1,0,5,
672,0,0.22,100.3,0,22.1,0,5,
673,0,0.23,100.3,0,23.1,0,4,
674,0,0.23,100.3,0,23.1,0,4,
675,0,0.23,100.3,0,23.1,0,3,
676,0,0.22,100.3,0,22.1,0,0,
677,0,0.23,100.3,0,23.1,0,0,
678,0,0.23,100.3,0,23.1,0,0,
679,0,0.23,100.3,0,23.1,0,0,
680,0,0.22,100.3,0,22.1,0,0,
681,0,0.23,100.3,0,23.1,0,0,
682,0,0.23,100.3,0,23.1,0,0,
683,0,0.23,100.3,0,23.1,0,0,
684,0,0.22,100.3,0,22.1,0,0,
685,0,0.23,100.3,0,23.1,0,0,
686,0,0.23,100.3,0,23.1,0,0,
687,0,0.22,100.3,0,22.1,0,0,
688,0,0.23,100.3,0,23.1,0,0,
689,0,0.23,100.3,0,23.1,0,0,
690,0,0.23,100.3,0,23.1,0,0,
691,0,0.22,100.3,0,22.1,0,0,
692,0,0.23,100.3,0,23.1,0,0,
693,0,0.23,100.3,0,23.1,0,0,
694,0,0.23,100.3,0,23.1,0,0,
695,0,0.23,100.3,0,23.1,0,0,
696,0,0.23,100.3,0,23.1,0,0,
697,0,0.23,100.3,0,23.1,0,0,
698,0,0.23,100.3,0,23.1,0,0,
699,0,1.13,100.1,0,113.1,0,0,
700,0,1.07,100.1,0,107.1,0,2,
701,0,0.23,100.3,0,23.1,0,3,
702,0,0.23,100.2,0,23,0,0,
703,0,0.22,100.2,0,22,0,0,
704,0,0.27,100.2,0,27.1,0,0,
705,0,0.23,100.3,0,23.1,0,0,
706,0,0.22,100.2,0,22,0,0,
707,0,0.23,100.3,0,23.1,0,0,
708,0,0.23,100.3,0,23.1,0,0,
709,0,0.22,100.3,0,22.1,0,0,
710,0,0.22,100.2,0,22,0,0,
711,0,0.23,100.3,0,23.1,0,0,
712,0,0.22,100.3,0,22.1,0,0,
713,0,0.23,100.3,0,23.1,0,0,
714,0,0.23,100.3,0,23.1,0,0,
715,0,0.23,100.2,0,23,0,0,
716,0,0.22,100.3,0,22.1,0,0,
717,0,0.23,100.3,0,23.1,0,0,
718,0,0.23,100.3,0,23.1,0,0,
719,0,0.23,100.3,0,23.1,0,0,
720,0,0.22,100.3,0,22.1,0,0,
721,0,0.23,100.3,0,23.1,0,0,
722,0,0.23,100.3,0,23.1,0,0,
723,0,0.22,100.3,0,22.1,0,0,
724,0,0.22,100.3,0,22.1,0,0,
725,0,0.23,100.3,0,23.1,0,0,
726,0,0.23,100.3,0,23.1,0,0,
727,0,0.23,100.3,0,23.1,0,0,
728,0,0.22,100.3,0,22.1,0,0,
729,0,0.23,100.3,0,23.1,0,0,
730,0,0.23,100.3,0,23.1,0,0,
731,0,0.23,100.3,0,23.1,0,0,
732,0,0.23,100.3,0,23.1,0,0,
733,0,0.23,100.2,0,23,0,0,
734,0,0.22,100.3,0,22.1,0,0,
735,0,0.23,100.3,0,23.1,0,0,
736,0,0.22,100.3,0,22.1,0,0,
737,0,1.25,100,0,125,0,0,
738,0,0.22,100.3,0,22.1,0,0,
739,0,0.23,100.3,0,23.1,0,0,
740,0,0.23,100.2,0,23,0,0,
741,0,0.23,100.2,0,23,0,0,
742,0,0.22,100.3,0,22.1,0,0,
743,0,0.23,100.2,0,23,0,0,
744,0,0.22,100.2,0,22,0,0,
745,0,0.22,100.3,0,22.1,0,0,
746,0,0.23,100.2,0,23,0,0,
747,0,0.23,100.3,0,23.1,0,0,
748,0,0.23,100.3,0,23.1,0,0,
749,0,0.23,100.2,0,23,0,0,
750,0,0.22,100.3,0,22.1,0,0,
751,0,0.23,100.3,0,23.1,0,0,
752,0,0.22,100.2,0,22,0,0,
753,0,0.22,100.2,0,22,0,0,
754,0,0.23,100.3,0,23.1,0,0,
755,0,0.23,100.3,0,23.1,0,0,
756,0,0.22,100.3,0,22.1,0,0,
757,0,0.22,100.2,0,22,0,0,
758,0,0.23,100.3,0,23.1,0,0,
759,0,0.22,100.3,0,22.1,0,0,
760,0,0.23,100.3,0,23.1,0,0,
761,0,0.23,100.2,0,23,0,0,
762,0,0.22,100.3,0,22.1,0,0,
763,0,0.23,100.3,0,23.1,0,0,
764,0,0.22,100.2,0,22,0,0,
765,0,0.22,100.2,0,22,0,0,
766,0,0.23,100.3,0,23.1,0,0,
767,0,0.23,100.3,0,23.1,0,0,
768,0,0.23,100.3,0,23.1,0,0,
769,0,0.22,100.3,0,22.1,0,0,
770,0,0.23,100.3,0,23.1,0,0,
771,0,0.22,100.3,0,22.1,0,0,
772,0,0.22,100.3,0,22.1,0,0,
773,0,0.23,100.3,0,23.1,0,0,
774,0,0.23,100.3,0,23.1,0,0,
775,0,0.2,100.3,0,20.1,0,0,
776,0,0.2,100.3,0,20.1,0,0,
777,0,0.2,100.3,0,20.1,0,0,
778,0,0.2,100.3,0,20.1,0,0,
779,0,0.2,100.3,0,20.1,0,0,
780,0,0.2,100.3,0,20.1,0,0,
781,0,0.2,100.3,0,20.1,0,0,
782,0,0.2,100.3,0,20.1,0,0,
783,0,0.2,100.3,0,20.1,0,0,
784,0,0.2,100.3,0,20.1,0,0,
785,0,0.2,100.3,0,20.1,0,0,
786,0,0.2,100.3,0,20.1,0,0,
787,0,0.2,100.3,0,20.1,0,0,
788,0,0.2,100.3,0,20.1,0,0,
789,0,0.2,100.3,0,20.1,0,0,
790,0,0.2,100.2,0,20,0,0,
791,0,0.2,100.3,0,20.1,0,0,
792,0,0.2,100.3,0,20.1,0,0,
793,0,0.2,100.3,0,20.1,0,0,
794,0,0.2,100.3,0,20.1,0,0,
795,0,0.2,100.3,0,20.1,0,0,
796,0,0.2,100.3,0,20.1,0,0,
797,0,0.2,100.3,0,20.1,0,0,
798,0,0.2,100.3,0,20.1,0,0,
799,0,0.2,100.3,0,20.1,0,0,
800,0,0.2,100.3,0,20.1,0,0,
801,0,0.2,100.3,0,20.1,0,0,
802,0,0.2,100.3,0,20.1,0,0,
803,0,0.2,100.3,0,20.1,0,0,
804,0,0.2,100.3,0,20.1,0,0,
805,0,0.2,100.3,0,20.1,0,0,
806,0,0.2,100.3,0,20.1,0,0,
807,0,0.2,100.3,0,20.1,0,0,
808,0,0.2,100.3,0,20.1,0,0,
809,0,0.2,100.3,0,20.1,0,0,
810,0,0.2,100.3,0,20.1,0,0,
811,0,0.2,100.3,0,20.1,0,0,
812,0,0.2,100.3,0,20.1,0,0,
813,0,0.2,100.3,0,20.1,0,0,
814,0,0.2,100.3,0,20.1,0,0,
815,0,0.2,100.3,0,20.1,0,0,
816,0,0.2,100.3,0,20.1,0,0,
817,0,0.2,100.3,0,20.1,0,0,
818,0,0.2,100.3,0,20.1,0,0,
819,0,0.2,100.3,0,20.1,0,0,
820,0,0.2,100.3,0,20.1,0,0,
821,0,0.2,100.3,0,20.1,0,0,
822,0,0.2,100.3,0,20.1,0,0,
823,0,0.2,100.3,0,20.1,0,0,
824,0,0.2,100.3,0,20.1,0,0,
825,0,0.2,100.3,0,20.1,0,0,
826,0,0.2,100.3,0,20.1,0,0,
827,0,0.2,100.3,0,20.1,0,0,
828,0,0.2,100.3,0,20.1,0,0,
829,0,0.2,100.2,0,20,0,0,
830,0,0.2,100.3,0,20.1,0,0,
831,0,0.2,100.3,0,20.1,0,0,
832,0,0.2,100.3,0,20.1,0,0,
833,0,0.2,100.3,0,20.1,0,0,
834,0,0.2,100.2,0,20,0,0,
835,0,0.2,100.3,0,20.1,0,0,
836,0,0.2,100.2,0,20,0,0,
837,0,0.2,100.3,0,20.1,0,0,
838,0,0.2,100.3,0,20.1,0,0,
839,0,0.2,100.3,0,20.1,0,0,
840,0,0.2,100.2,0,20,0,0,
841,0,0.2,100.3,0,20.1,0,0,
842,0,0.2,100.3,0,20.1,0,0,
843,0,0.2,100.3,0,20.1,0,0,
844,0,0.2,100.3,0,20.1,0,0,
845,0,0.2,100.3,0,20.1,0,0,
846,0,0.2,100.3,0,20.1,0,0,
847,0,0.2,100.3,0,20.1,0,0,
848,0,0.2,100.3,0,20.1,0,0,
849,0,0.2,100.3,0,20.1,0,0,
850,0,0.2,100.3,0,20.1,0,0,
851,0,0.2,100.3,0,20.1,0,0,
852,0,0.2,100.2,0,20,0,0,
853,0,0.2,100.2,0,20,0,0,
854,0,0.2,100.3,0,20.1,0,0,
855,0,0.2,100.3,0,20.1,0,0,
856,0,0.2,100.3,0,20.1,0,0,
857,0,0.2,100.3,0,20.1,0,0,
858,0,0.2,100.3,0,20.1,0,0,
859,0,0.2,100.3,0,20.1,0,0,
860,0,0.2,100.3,0,20.1,0,0,
861,0,0.2,100.3,0,20.1,0,0,
862,0,0.2,100.3,0,20.1,0,0,
863,0,0.2,100.3,0,20.1,0,0,
864,0,0.2,100.3,0,20.1,0,0,
865,0,0.2,100.2,0,20,0,0,
866,0,0.2,100.2,0,20,0,0,
867,0,0.2,100.3,0,20.1,0,0,
868,0,0.2,100.3,0,20.1,0,0,
869,0,0.2,100.3,0,20.1,0,0,
870,0,0.2,100.3,0,20.1,0,0,
871,0,0.2,100.3,0,20.1,0,0,
872,0,0.2,100.3,0,20.1,0,0,
873,0,0.2,100.3,0,20.1,0,0,
874,0,0.2,100.3,0,20.1,0,0,
875,0,0.2,100.3,0,20.1,0,0,
876,0,0.2,100.3,0,20.1,0,0,
877,0,0.2,100.3,0,20.1,0,0,
878,0,0.2,100.3,0,20.1,0,0,
879,0,0.2,100.2,0,20,0,0,
880,0,0.2,100.3,0,20.1,0,0,
881,0,0.2,100.3,0,20.1,0,0,
882,0,0.2,100.3,0,20.1,0,0,
883,0,0.2,100.3,0,20.1,0,0,
884,0,0.2,100.3,0,20.1,0,0,
885,0,0.2,100.3,0,20.1,0,0,
886,0,0.2,100.3,0,20.1,0,0,
887,0,0.2,100.2,0,20,0,0,
888,0,0.2,100.3,0,20.1,0,0,
889,0,0.2,100.3,0,20.1,0,0,
890,0,0.2,100.3,0,20.1,0,0,
891,0,0.2,100.3,0,20.1,0,0,
892,0,0.2,100.3,0,20.1,0,0,
893,0,0.2,100.3,0,20.1,0,0,
894,0,0.2,100.3,0,20.1,0,0,
895,0,0.2,100.2,0,20,0,0,
896,0,0.2,100.3,0,20.1,0,0,
897,0,0.2,100.3,0,20.1,0,0,
898,0,0.2,100.3,0,20.1,0,0,
899,0,0.2,100.3,0,20.1,0,0,
900,0,0.2,100.3,0,20.1,0,0,
901,0,0.2,100.3,0,20.1,0,0,
902,0,0.2,100.3,0,20.1,0,0,
903,0,0.2,100.3,0,20.1,0,0,
904,0,0.2,100.3,0,20.1,0,0,
905,0,0.2,100.3,0,20.1,0,0,
906,0,0.2,100.3,0,20.1,0,0,
907,0,0.2,100.3,0,20.1,0,0,
908,0,0.2,100.2,0,20,0,0,
909,0,0.2,100.3,0,20.1,0,0,
910,0,0.2,100.3,0,20.1,0,0,
911,0,0.2,100.2,0,20,0,0,
912,0,0.2,100.3,0,20.1,0,0,
913,0,0.2,100.3,0,20.1,0,0,
914,0,0.2,100.3,0,20.1,0,0,
915,0,0.2,100.3,0,20.1,0,0,
916,0,0.2,100.3,0,20.1,0,0,
917,0,0.2,100.3,0,20.1,0,0,
918,0,0.2,100.3,0,20.1,0,0,
919,0,0.2,100.2,0,20,0,0,
920,0,0.2,100.3,0,20.1,0,0,
921,0,0.2,100.3,0,20.1,0,0,
922,0,0.2,100.3,0,20.1,0,0,
923,0,0.2,100.3,0,20.1,0,0,
924,0,0.2,100.3,0,20.1,0,0,
925,0,0.2,100.2,0,20,0,0,
926,0,0.2,100.3,0,20.1,0,0,
927,0,0.2,100.3,0,20.1,0,0,
928,0,0.2,100.3,0,20.1,0,0,
929,0,0.2,100.3,0,20.1,0,0,
930,0,0.2,100.3,0,20.1,0,0,
931,0,0.2,100.3,0,20.1,0,0,
932,0,0.2,100.3,0,20.1,0,0,
933,0,0.2,100.3,0,20.1,0,0,
934,0,0.2,100.3,0,20.1,0,0,
935,0,0.2,100.3,0,20.1,0,0,
936,0,0.2,100.3,0,20.1,0,0,
937,0,0.2,100.3,0,20.1,0,0,
938,0,0.2,100.3,0,20.1,0,0,
939,0,0.2,100.2,0,20,0,0,
940,0,0.2,100.3,0,20.1,0,0,
941,0,0.2,100.3,0,20.1,0,0,
942,0,0.2,100.3,0,20.1,0,0,
943,0,0.2,100.3,0,20.1,0,0,
944,0,0.2,100.3,0,20.1,0,0,
945,0,0.2,100.3,0,20.1,0,0,
946,0,0.2,100.2,0,20,0,0,
947,0,0.2,100.3,0,20.1,0,0,
948,0,0.2,100.3,0,20.1,0,0,
949,0,0.2,100.3,0,20.1,0,0,
950,0,0.2,100.3,0,20.1,0,0,
951,0,0.2,100.3,0,20.1,0,0,
952,0,0.2,100.2,0,20,0,0,
953,0,0.2,100.3,0,20.1,0,0,
954,0,0.2,100.3,0,20.1,0,0,
955,0,0.2,100.3,0,20.1,0,0,
956,0,0.2,100.3,0,20.1,0,0,
957,0,0.2,100.3,0,20.1,0,0,
958,0,0.2,100.3,0,20.1,0,0,
959,0,0.2,100.3,0,20.1,0,0,
960,0,0.2,100.3,0,20.1,0,0,
961,0,0.2,100.3,0,20.1,0,0,
962,0,0.2,100.3,0,20.1,0,0,
963,0,0.2,100.2,0,20,0,0,
964,0,0.2,100.2,0,20,0,0,
965,0,0.2,100.2,0,20,0,0,
966,0,0.2,100.3,0,20.1,0,0,
967,0,0.2,100.3,0,20.1,0,0,
968,0,0.2,100.3,0,20.1,0,0,
969,0,0.2,100.3,0,20.1,0,0,
970,0,0.2,100.3,0,20.1,0,0,
971,0,0.2,100.3,0,20.1,0,0,
972,0,0.2,100.2,0,20,0,0,
973,0,0.2,100.2,0,20,0,0,
974,0,0.2,100.3,0,20.1,0,0,
975,0,0.2,100.3,0,20.1,0,0,
976,0,0.2,100.3,0,20.1,0,0,
977,0,0.2,100.3,0,20.1,0,0,
978,0,0.2,100.3,0,20.1,0,0,
979,0,0.2,100.2,0,20,0,0,
980,0,0.2,100.2,0,20,0,0,
981,0,0.2,100.3,0,20.1,0,0,
982,0,0.2,100.3,0,20.1,0,0,
983,0,0.2,100.3,0,20.1,0,0,
984,0,0.2,100.2,0,20,0,0,
985,0,0.2,100.3,0,20.1,0,0,
986,0,0.2,100.2,0,20,0,0,
987,0,0.2,100.3,0,20.1,0,0,
988,0,0.2,100.3,0,20.1,0,0,
989,0,0.2,100.2,0,20,0,0,
990,0,0.2,100.2,0,20,0,0,
991,0,0.2,100.3,0,20.1,0,0,
992,0,0.2,100.3,0,20.1,0,0,
993,0,0.2,100.3,0,20.1,0,0,
994,0,0.2,100.3,0,20.1,0,0,
995,0,0.2,100.3,0,20.1,0,0,
996,0,0.2,100.3,0,20.1,0,0,
997,0,0.2,100.3,0,20.1,0,0,
998,0,0.2,100.2,0,20,0,0,
999,0,0.2,100.2,0,20,0,0,
1000,0,0.2,100.3,0,20.1,0,0,
1001,0,0.2,100.3,0,20.1,0,0,
1002,0,0.2,100.2,0,20,0,0,
1003,0,0.2,100.2,0,20,0,0,
1004,0,0.2,100.2,0,20,0,0,
1005,0,0.2,100.3,0,20.1,0,0,
1006,0,0.2,100.3,0,20.1,0,0,
1007,0,0.2,100.3,0,20.1,0,0,
1008,0,0.2,100.3,0,20.1,0,0,
1009,0,0.2,100.2,0,20,0,0,
1010,0,0.2,100.3,0,20.1,0,0,
1011,0,0.2,100.2,0,20,0,0,
1012,0,0.2,100.3,0,20.1,0,0,
1013,0,0.2,100.3,0,20.1,0,0,
1014,0,0.2,100.3,0,20.1,0,0,
1015,0,0.2,100.2,0,20,0,0,
1016,0,0.2,100.3,0,20.1,0,0,
1017,0,0.2,100.2,0,20,0,0,
1018,0,0.2,100.2,0,20,0,0,
1019,0,0.2,100.2,0,20,0,0,
1020,0,0.2,100.2,0,20,0,0,
1021,0,0.2,100.3,0,20.1,0,0,
1022,0,0.2,100.3,0,20.1,0,0,
1023,0,0.2,100.3,0,20.1,0,0,
1024,0,0.2,100.3,0,20.1,0,0,
1025,0,0.2,100.2,0,20,0,0,
1026,0,0.2,100.3,0,20.1,0,0,
1027,0,0.2,100.2,0,20,0,0,
1028,0,0.2,100.2,0,20,0,0,
1029,0,0.2,100.2,0,20,0,0,
1030,0,0.2,100.3,0,20.1,0,0,
1031,0,0.2,100.2,0,20,0,0,
1032,0,0.2,100.2,0,20,0,0,
1033,0,0.2,100.2,0,20,0,0,
1034,0,0.2,100.3,0,20.1,0,0,
1035,0,0.2,100.3,0,20.1,0,0,
1036,0,0.2,100.3,0,20.1,0,0,
1037,0,0.2,100.3,0,20.1,0,0,
1038,0,0.2,100.2,0,20,0,0,
1039,0,0.2,100.2,0,20,0,0,
1040,0,0.2,100.2,0,20,0,0,
1041,0,0.2,100.2,0,20,0,0,
1042,0,0.2,100.2,0,20,0,0,
1043,0,0.2,100.2,0,20,0,0,
1044,0,0.2,100.3,0,20.1,0,2,
1045,0,0.2,100.3,0,20.1,0,3,
1046,0,0.2,100.3,0,20.1,0,3,
1047,0,0.2,100.2,0,20,0,3,
1048,0,0.2,100.3,0,20.1,0,0,
1049,0,0.21,100.2,0,21,0,0,
1050,0,0.23,100.2,0,23,0,0,
1051,0,0.22,100.2,0,22,0,0,
1052,0,0.23,100.3,0,23.1,0,0,
1053,0,0.23,100.2,0,23,0,0,
1054,0,0.23,100.2,0,23,0,0,
1055,0,0.23,100.2,0,23,0,0,
1056,0,0.23,100.2,0,23,0,0,
1057,0,0.23,100.2,0,23,0,0,
1058,0,0.23,100.2,0,23,0,0,
1059,0,0.23,100.2,0,23,0,0,
1060,0,0.22,100.2,0,22,0,0,
1061,0,0.23,100.2,0,23,0,0,
1062,0,0.23,100.2,0,23,0,0,
1063,0,0.23,100.2,0,23,0,0,
1064,0,0.23,100.2,0,23,0,0,
1065,0,0.23,100.2,0,23,0,0,
1066,0,0.23,100.2,0,23,0,0,
1067,0,0.22,100.2,0,22,0,0,
1068,0,0.23,100.3,0,23.1,0,0,
1069,0,0.22,100.3,0,22.1,0,0,
1070,0,0.22,100.2,0,22,0,0,
1071,0,0.22,100.2,0,22,0,0,
1072,0,0.22,100.2,0,22,0,0,
1073,0,0.22,100.3,0,22.1,0,0,
1074,0,0.23,100.2,0,23,0,0,
1075,0,0.22,100.2,0,22,0,0,
1076,0,0.22,100.2,0,22,0,0,
1077,0,0.22,100.3,0,22.1,0,0,
1078,0,0.22,100.2,0,22,0,0,
1079,0,0.22,100.2,0,22,0,0,
1080,0,0.23,100.2,0,23,0,0,
1081,0,0.23,100.2,0,23,0,0,
1082,0,0.27,100.2,0,27.1,0,0,
1083,0,0.22,100.2,0,22,0,0,
1084,0,0.22,100.2,0,22,0,0,
1085,0,0.23,100.2,0,23,0,0,
1086,0,0.23,100.3,0,23.1,0,0,
1087,0,4.16,99.5,0,413.9,0,0,
1088,0,11.34,98.4,0,1115.9,0,15,
1089,0,11.38,98.3,0,1118.7,0,25,
1090,0,11.29,98.3,0,1109.8,0,33,
1091,0,11.34,98.3,0,1114.7,0,39,
1092,0,12.36,98.1,0,1212.5,0,45,
1093,0,23.81,96.2,0,2290.5,0,51,
1094,0,20.62,96.7,0,1994,0,59,
1095,0,0.22,99.9,0,22,0,57,
1096,0,0.22,100,0,22,0,49,
1097,0,0.22,100,0,22,0,46,
1098,0,13.68,97.9,0,1339.3,0,45,
1099,0,18.24,97.1,0,1771.1,0,50,
1100,0,14.27,97.7,0,1394.2,0,56,
1101,0,14.26,97.7,0,1393.2,0,61,
1102,0,14.27,97.7,0,1394.2,0,63,
1103,0,14.27,97.6,0,1392.8,0,63,
1104,0,0.23,99.8,0,23,0,60,
1105,0,0.23,99.8,0,23,0,48,
1106,0,15.68,97.4,0,1527.2,0,47,
1107,0,19.31,96.8,0,1869.2,0,50,
1108,0,0.23,99.8,0,23,0,48,
1109,0,0.22,99.8,0,22,0,34,
1110,0,20.32,96.7,0,1964.9,0,37,
1111,0,20.29,96.6,0,1960,0,49,
1112,0,17.2,97.1,0,1670.1,0,59,
1113,0,14.78,97.4,0,1439.6,0,64,
1114,0,15.19,97.4,0,1479.5,0,66,
1115,0,14.68,97.4,0,1429.8,0,67,
1116,0,0.23,99.6,0,22.9,0,60,
1117,0,4.69,99,0,464.3,0,55,
1118,0,0.98,99.6,0,97.6,0,57,
1119,0,0.23,99.8,0,23,0,50,
1120,0,1.31,99.6,0,130.5,0,47,
1121,0,30.29,95.1,0,2880.6,0,55,
1122,0,30.38,95,0,2886.1,0,65,
1123,0,30.35,94.9,0,2880.2,0,72,
1124,0,30.36,94.8,0,2878.1,0,79,
1125,0,30.36,94.7,0,2875.1,0,84,
1126,0,30.36,94.6,0,2872.1,0,88,
1127,0,30.39,94.6,0,2874.9,0,92,
1128,0,30.52,94.5,0,2884.1,0,95,
1129,0,0.23,99.2,0,22.8,0,91,
1130,0,0.23,99.3,0,22.8,0,57,
1131,0,13.46,97.3,0,1309.7,0,50,
1132,0,26.42,95.4,0,2520.5,0,53,
1133,0,29.32,94.8,0,2779.5,0,62,
1134,0,29.32,94.7,0,2776.6,0,71,
1135,0,29.38,94.6,0,2779.3,0,77,
1136,0,29.4,94.6,0,2781.2,0,78,
1137,0,0.23,99.1,0,22.8,0,57,
1138,0,28,95,0,2660,0,54,
1139,0,30.39,94.5,0,2871.9,0,59,
1140,0,0.23,99,0,22.8,0,57,
1141,0,6.7,98.1,0,657.3,0,37,
1142,0,30.41,94.5,0,2873.7,0,44,
1143,0,30.36,94.5,0,2869,0,58,
1144,0,15.08,96.8,0,1459.7,0,65,
1145,0,30.33,94.4,0,2863.2,0,72,
1146,0,30.36,94.3,0,2862.9,0,75,
1147,0,0.23,98.9,0,22.7,0,71,
1148,0,17.95,96.3,0,1728.6,0,58,
1149,0,7.92,97.8,0,774.6,0,61,
1150,0,0.23,99,0,22.8,0,56,
1151,0,0.22,99.2,0,21.8,0,51,
1152,0,30.41,94.5,0,2873.7,0,56,
1153,0,30.38,94.5,0,2870.9,0,66,
1154,0,30.41,94.3,0,2867.7,0,73,
1155,0,30.42,94.2,0,2865.6,0,79,
1156,0,30.45,94.2,0,2868.4,0,84,
1157,0,21.56,95.5,0,2059,0,88,
1158,0,0.23,98.9,0,22.7,0,73,
1159,0,0.26,98.9,0,25.7,0,59,
1160,0,0.23,99,0,22.8,0,47,
1161,0,0.22,99,0,21.8,0,46,
1162,0,0.22,99.1,0,21.8,0,35,
1163,0,0.23,99.2,0,22.8,0,20,
1164,0,0.22,99.2,0,21.8,0,15,
1165,0,0.22,99.2,0,21.8,0,15,
1166,0,0.22,99.2,0,21.8,0,8,
1167,0,0.22,99.3,0,21.8,0,0,
1168,0,0.22,99.3,0,21.8,0,0,
1169,0,0.23,99.3,0,22.8,0,0,
1170,0,0.22,99.3,0,21.8,0,0,
1171,0,0.22,99.3,0,21.8,0,0,
1172,0,0.23,99.3,0,22.8,0,0,
1173,0,0.23,99.3,0,22.8,0,0,
1174,0,6.58,98.3,0,646.8,0,9,
1175,0,6.11,98.4,0,601.2,0,18,
1176,0,4.14,98.6,0,408.2,0,23,
1177,0,9.26,97.8,0,905.6,0,28,
1178,0,23.18,95.7,0,2218.3,0,36,
1179,0,28.26,94.8,0,2679,0,46,
1180,0,0.23,98.9,0,22.7,0,51,
1181,0,0.23,99,0,22.8,0,40,
1182,0,0.27,99,0,26.7,0,34,
1183,0,0.23,99.2,0,22.8,0,18,
1184,0,0.23,99.2,0,22.8,0,0,
1185,0,0.23,99.2,0,22.8,0,0,
1186,0,0.23,99.2,0,22.8,0,0,
1187,0,0.22,99.2,0,21.8,0,0,
1188,0,0.21,99.2,0,20.8,0,0,
1189,0,0.23,99.3,0,22.8,0,0,
1190,0,0.22,99.3,0,21.8,0,0,
1191,0,0.23,99.3,0,22.8,0,0,
1192,0,4.01,98.6,0,395.4,0,7,
1193,0,0.85,99.2,0,84.3,0,11,
1194,0,0.86,99.2,0,85.3,0,12,
1195,0,0.83,99.2,0,82.3,0,12,
1196,0,0.9,99.2,0,89.3,0,13,
1197,0,0.23,99.3,0,22.8,0,13,
1198,0,0.22,99.3,0,21.8,0,13,
1199,0,0.23,99.3,0,22.8,0,13,
1200,0,0.22,99.3,0,21.8,0,12,
1201,0,0.25,99.3,0,24.8,0,12,
1202,0,0.26,99.3,0,25.8,0,11,
1203,0,0.23,99.3,0,22.8,0,11,
1204,0,0.25,99.3,0,24.8,0,10,
1205,0,0.25,99.3,0,24.8,0,10,
1206,0,0.23,99.3,0,22.8,0,9,
1207,0,0.26,99.3,0,25.8,0,9,
1208,0,0.82,99.2,0,81.3,0,9,
1209,0,0.82,99.2,0,81.3,0,10,
1210,0,0.81,99.2,0,80.4,0,11,
1211,0,0.89,99.2,0,88.3,0,12,
1212,0,0.87,99.2,0,86.3,0,12,
1213,0,0.97,99.2,0,96.2,0,13,
1214,0,0.93,99.2,0,92.3,0,14,
1215,0,0.96,99.2,0,95.2,0,15,
1216,0,0.86,99.2,0,85.3,0,15,
1217,0,0.8,99.2,0,79.4,0,16,
1218,0,0.23,99.3,0,22.8,0,15,
1219,0,0.23,99.3,0,22.8,0,14,
1220,0,0.22,99.3,0,21.8,0,14,
1221,0,0.22,99.3,0,21.8,0,13,
1222,0,0.22,99.3,0,21.8,0,10,
1223,0,5.08,98.6,0,500.9,0,12,
1224,0,7.02,98.3,0,690.1,0,21,
1225,0,1.92,99,0,190.1,0,26,
1226,0,1.93,99,0,191.1,0,26,
1227,0,0.23,99.3,0,22.8,0,26,
1228,0,0.22,99.3,0,21.8,0,22,
1229,0,0.23,99.3,0,22.8,0,19,
1230,0,0.22,99.3,0,21.8,0,16,
1231,0,0.23,99.3,0,22.8,0,11,
1232,0,0.23,99.3,0,22.8,0,10,
1233,0,0.22,99.3,0,21.8,0,8,
1234,0,0.22,99.3,0,21.8,0,0,
1235,0,0.22,99.3,0,21.8,0,0,
1236,0,0.68,99.2,0,67.5,0,2,
1237,0,0.22,99.3,0,21.8,0,0,
1238,0,0.22,99.3,0,21.8,0,0,
1239,0,0.22,99.3,0,21.8,0,0,
1240,0,0.23,99.3,0,22.8,0,0,
1241,0,0.23,99.3,0,22.8,0,0,
1242,0,0.23,99.3,0,22.8,0,0,
1243,0,0.22,99.3,0,21.8,0,0,
1244,0,1.67,99.1,0,165.5,0,0,
1245,0,0.23,99.3,0,22.8,0,4,
1246,0,0.23,99.3,0,22.8,0,3,
1247,0,0.22,99.3,0,21.8,0,0,
1248,0,0.23,99.3,0,22.8,0,0,
1249,0,0.22,99.3,0,21.8,0,0,
1250,0,0.22,99.3,0,21.8,0,0,
1251,0,0.22,99.3,0,21.8,0,0,
1252,0,0.22,99.3,0,21.8,0,0,
1253,0,0.22,99.3,0,21.8,0,0,
1254,0,0.22,99.3,0,21.8,0,0,
1255,0,0.2,99.3,0,19.9,0,0,
1256,0,0.2,99.3,0,19.9,0,0,
1257,0,0.2,99.3,0,19.9,0,0,
1258,0,0.2,99.3,0,19.9,0,0,
1259,0,0.2,99.3,0,19.9,0,0,
1260,0,0.2,99.3,0,19.9,0,0,
1261,0,0.2,99.3,0,19.9,0,0,
1262,0,0.2,99.3,0,19.9,0,0,
1263,0,0.2,99.3,0,19.9,0,0,
1264,0,0.2,99.3,0,19.9,0,0,
1265,0,0.2,99.3,0,19.9,0,0,
1266,0,0.2,99.4,0,19.9,0,0,
1267,0,0.2,99.3,0,19.9,0,0,
1268,0,0.2,99.3,0,19.9,0,0,
1269,0,0.2,99.3,0,19.9,0,0,
1270,0,0.2,99.3,0,19.9,0,0,
1271,0,0.2,99.3,0,19.9,0,0,
1272,0,0.2,99.3,0,19.9,0,0,
1273,0,0.2,99.4,0,19.9,0,0,
1274,0,0.2,99.3,0,19.9,0,0,
1275,0,0.2,99.3,0,19.9,0,0,
1276,0,0.2,99.3,0,19.9,0,0,
1277,0,0.2,99.3,0,19.9,0,0,
1278,0,0.2,99.3,0,19.9,0,0,
1279,0,0.2,99.3,0,19.9,0,0,
1280,0,0.2,99.3,0,19.9,0,0,
1281,0,0.2,99.3,0,19.9,0,0,
1282,0,0.2,99.3,0,19.9,0,0,
1283,0,0.2,99.3,0,19.9,0,0,
1284,0,0.2,99.3,0,19.9,0,0,
1285,0,0.2,99.3,0,19.9,0,0,
1286,0,0.2,99.3,0,19.9,0,0,
1287,0,0.2,99.3,0,19.9,0,0,
1288,0,0.2,99.4,0,19.9,0,3,
1289,0,0.2,99.3,0,19.9,0,4,
1290,0,0.2,99.3,0,19.9,0,4,
1291,0,0.2,99.4,0,19.9,0,5,
1292,0,0.2,99.3,0,19.9,0,3,
1293,0,0.2,99.3,0,19.9,0,5,
1294,0,0.2,99.3,0,19.9,0,4,
1295,0,0.2,99.3,0,19.9,0,4,
1296,0,0.2,99.4,0,19.9,0,4,
1297,0,0.2,99.3,0,19.9,0,4,
1298,0,0.2,99.3,0,19.9,0,4,
1299,0,0.2,99.3,0,19.9,0,3,
1300,0,0.2,99.3,0,19.9,0,4,
1301,0,0.2,99.3,0,19.9,0,4,
1302,0,0.2,99.3,0,19.9,0,4,
1303,0,0.2,99.3,0,19.9,0,4,
1304,0,0.2,99.3,0,19.9,0,4,
1305,0,0.2,99.3,0,19.9,0,3,
1306,0,0.2,99.3,0,19.9,0,3,
1307,0,0.2,99.3,0,19.9,0,3,
1308,0,0.2,99.3,0,19.9,0,3,
1309,0,0.2,99.3,0,19.9,0,3,
1310,0,0.2,99.4,0,19.9,0,3,
1311,0,0.2,99.3,0,19.9,0,3,
1312,0,0.2,99.3,0,19.9,0,3,
1313,0,0.2,99.3,0,19.9,0,3,
1314,0,0.2,99.3,0,19.9,0,3,
1315,0,0.2,99.3,0,19.9,0,0,
1316,0,0.2,99.4,0,19.9,0,0,
1317,0,0.2,99.3,0,19.9,0,2,
1318,0,0.2,99.3,0,19.9,0,0,
1319,0,0.2,99.3,0,19.9,0,0,
1320,0,0.2,99.4,0,19.9,0,0,
1321,0,0.2,99.3,0,19.9,0,0,
1322,0,0.2,99.4,0,19.9,0,0,
1323,0,0.2,99.3,0,19.9,0,0,
1324,0,0.2,99.3,0,19.9,0,0,
1325,0,0.2,99.3,0,19.9,0,0,
1326,0,0.2,99.3,0,19.9,0,0,
1327,0,0.2,99.3,0,19.9,0,0,
1328,0,0.2,99.3,0,19.9,0,0,
1329,0,0.2,99.4,0,19.9,0,0,
1330,0,0.2,99.3,0,19.9,0,0,
1331,0,0.2,99.3,0,19.9,0,0,
1332,0,0.2,99.3,0,19.9,0,0,
1333,0,0.2,99.3,0,19.9,0,0,
1334,0,0.2,99.3,0,19.9,0,0,
1335,0,0.2,99.3,0,19.9,0,0,
1336,0,0.2,99.3,0,19.9,0,0,
1337,0,0.2,99.4,0,19.9,0,0,
1338,0,0.2,99.3,0,19.9,0,0,
1339,0,0.2,99.4,0,19.9,0,0,
1340,0,0.2,99.3,0,19.9,0,0,
1341,0,0.2,99.3,0,19.9,0,0,
1342,0,0.2,99.3,0,19.9,0,0,
1343,0,0.2,99.3,0,19.9,0,0,
1344,0,0.2,99.4,0,19.9,0,0,
1345,0,0.2,99.3,0,19.9,0,0,
1346,0,0.2,99.3,0,19.9,0,0,
1347,0,0.2,99.3,0,19.9,0,0,
1348,0,0.2,99.4,0,19.9,0,0,
1349,0,0.2,99.3,0,19.9,0,0,
1350,0,0.2,99.4,0,19.9,0,0,
1351,0,0.2,99.3,0,19.9,0,0,
1352,0,0.2,99.3,0,19.9,0,0,
1353,0,0.2,99.3,0,19.9,0,0,
1354,0,0.2,99.3,0,19.9,0,0,
1355,0,0.2,99.3,0,19.9,0,0,
1356,0,0.2,99.3,0,19.9,0,0,
1357,0,0.2,99.3,0,19.9,0,0,
1358,0,0.2,99.3,0,19.9,0,0,
1359,0,0.2,99.3,0,19.9,0,0,
1360,0,0.2,99.3,0,19.9,0,0,
1361,0,0.2,99.4,0,19.9,0,0,
1362,0,0.2,99.3,0,19.9,0,0,
1363,0,0.2,99.3,0,19.9,0,0,
1364,0,0.2,99.3,0,19.9,0,0,
1365,0,0.2,99.3,0,19.9,0,0,
,,,,,,,,
温度データ記録=,1分間隔,,102,,,,95,max
データ数=,114,,,,,,,
No,Temp[℃],,,,,,,
1,29,,,,,,,
2,29,,,,,,,
3,29,,,,,,,
4,29,,,,,,,
5,29,,,,,,,
6,29,,,,,,,
7,29,,,,,,,
8,29,,,,,,,
9,30,,,,,,,
10,30,,,,,,,
11,30,,,,,,,
12,30,,,,,,,
13,30,,,,,,,
14,30,,,,,,,
15,30,,,,,,,
16,30,,,,,,,
17,30,,,,,,,
18,30,,,,,,,
19,30,,,,,,,
20,30,,,,,,,
21,30,,,,,,,
22,30,,,,,,,
23,30,,,,,,,
24,30,,,,,,,
25,30,,,,,,,
26,30,,,,,,,
27,30,,,,,,,
28,30,,,,,,,
29,30,,,,,,,
30,30,,,,,,,
31,30,,,,,,,
32,30,,,,,,,
33,30,,,,,,,
34,30,,,,,,,
35,30,,,,,,,
36,30,,,,,,,
37,30,,,,,,,
38,30,,,,,,,
39,31,,,,,,,
40,31,,,,,,,
41,31,,,,,,,
42,31,,,,,,,
43,31,,,,,,,
44,31,,,,,,,
45,31,,,,,,,
46,31,,,,,,,
47,31,,,,,,,
48,31,,,,,,,
49,31,,,,,,,
50,31,,,,,,,
51,31,,,,,,,
52,31,,,,,,,
53,31,,,,,,,
54,31,,,,,,,
55,31,,,,,,,
56,31,,,,,,,
57,31,,,,,,,
58,32,,,,,,,
59,32,,,,,,,
60,32,,,,,,,
61,32,,,,,,,
62,33,,,,,,,
63,33,,,,,,,
64,33,,,,,,,
65,33,,,,,,,
66,33,,,,,,,
67,34,,,,,,,
68,34,,,,,,,
69,34,,,,,,,
70,34,,,,,,,
71,34,,,,,,,
72,34,,,,,,,
73,35,,,,,,,
74,35,,,,,,,
75,35,,,,,,,
76,35,,,,,,,
77,35,,,,,,,
78,35,,,,,,,
79,35,,,,,,,
80,35,,,,,,,
81,35,,,,,,,
82,35,,,,,,,
83,35,,,,,,,
84,35,,,,,,,
85,36,,,,,,,
86,36,,,,,,,
87,36,,,,,,,
88,36,,,,,,,
89,35,,,,,,,
90,36,,,,,,,
91,36,,,,,,,
92,36,,,,,,,
93,36,,,,,,,
94,36,,,,,,,
95,36,,,,,,,
96,36,,,,,,,
97,36,,,,,,,
98,36,,,,,,,
99,36,,,,,,,
100,36,,,,,,,
101,36,,,,,,,
102,36,,,,,,,
103,36,,,,,,,
104,36,,,,,,,
105,36,,,,,,,
106,36,,,,,,,
107,36,,,,,,,
108,36,,,,,,,
109,36,,,,,,,
110,36,,,,,,,
111,36,,,,,,,
112,37,,,,,,,
113,36,,,,,,,
114,36,,,,,,,
,,,,,,,,
周回回数=,2,,,,,,,
No,LapTime_sec[秒],Lap_Motort_Wh[Wh],,,,,,
1,143,56.4,,,,,,
2,139,70.5,,,,,,
